seed_0,seed_1,seed_2,seed_3,seed_4,average,origin_time_idx
24.429826004165815,27.60532190955413,24.25040808470224,28.97730576995356,24.774712603906085,25.171396991214397,39289
25.34582377535647,27.52635462923906,30.192417864366952,29.876344219716707,29.981581827712656,27.405290619197118,39313
41.81881332940371,33.120758919388116,40.05636015735737,39.909123323092444,43.31089010319328,38.96228047124025,39337
45.28189945838726,38.98430668724162,41.09853160404664,39.70821104231797,42.24835326155664,40.351742106198735,39361
44.08263920185019,43.57621127463262,45.09904749047414,42.85170028261232,43.86346204799891,43.21437710580018,39385
48.53590842622826,46.92065724483562,48.620688066092725,49.399259795591725,49.31086468311881,47.401097685995765,39409
51.62333787052516,51.03979647168814,52.63547953107957,53.15603178023581,52.44082903533207,51.36452798410692,39433
59.455493103045384,55.689556118242116,59.80754848474871,54.67131499617919,60.31534096857287,57.27520204208918,39457
44.96807859316687,45.00062730176216,44.49619992086582,41.646944790514134,45.18004625583866,43.40431981863513,39481
37.802550265369895,41.183511763152765,42.78443021478629,37.466009373688884,43.71791578757824,39.3357450994334,39505
37.81368321059734,40.55894141937579,36.875651910243285,37.67571854221692,43.98093441976247,38.303344175722586,39529
34.20803367085884,35.25168429705819,32.15814912617375,36.379526232986045,37.04116412362232,34.248292275905236,39553
17.216112187635815,22.729386358407325,15.555301550209514,27.515542160455354,13.495652526393858,17.610980490091624,39577
18.052127852219837,25.163420634686968,15.039391067317199,26.037531418614968,20.83482959881199,20.104463996541437,39601
22.625390568893742,27.188396683298837,19.807628431086695,28.10312661273333,24.568718231667763,23.334193759527974,39625
27.866483280880768,31.75074844347876,22.190669811937948,30.806271837631257,26.87278698962997,26.665133923177574,39649
31.622936417599757,32.07973309919098,29.903366995197203,28.860867511882986,30.857224410355215,29.471954098269677,39673
38.72385553799818,42.137123897037995,37.696912498523346,34.94549730399518,37.403511419246804,37.39397667166884,39697
42.69968425631426,41.22910671265271,39.642613615253396,33.92363673642724,46.96610048917081,40.04434692616547,39721
40.45096839291951,38.6529363931809,49.0762822559576,35.74103019443252,39.72115106601206,39.93684918437497,39745
40.033844259790826,33.49902317285701,45.35100926174145,33.13522986625152,38.622306761705836,36.89545624701178,39769
40.562014150493965,34.672599039662934,40.827250503700334,28.56201734439831,36.61765666471904,35.36621400304728,39793
40.308315941350735,39.45131338314278,48.00034987105821,35.87480278898385,34.87655290585057,38.43149452628488,39817
25.78274197191667,26.612481802655676,38.63085751798472,24.315291304303397,29.847435269789294,27.013889783977557,39841
29.49696051074249,29.123389588945038,35.3817632168207,25.06108668435622,29.287300334257683,27.001397984867353,39865
25.32241957316741,24.645982173750387,26.011095280541074,21.20556846161631,25.814814774129854,22.915875634709458,39889
26.698587301998014,28.42644654159419,26.42256818383606,21.22593915813032,26.214060598744815,24.03102887308115,39913
29.479314959779945,29.951874412568138,35.484279565351656,27.559521950687802,32.56695267169668,28.999730997943427,39937
35.36862572480076,34.223318468086596,36.61416952275385,35.506842149313954,39.068209216880724,33.398596201594536,39961
35.21916575637778,31.24825602584917,34.86823370886936,36.07070057796637,38.84138295731948,33.397393560932976,39985
37.02863741021997,31.321516895192335,33.56412589363658,36.08351681147275,39.80195403625072,33.419407068615484,40009
41.824961011999065,47.14880631959794,41.35362656698446,41.65547279336854,44.56072382724688,41.81145677656821,40033
44.27994398456677,43.787300062034454,44.254449651201035,41.806956838904775,50.943482027484855,42.867659098755524,40057
45.160518112585734,52.33825180090309,35.52559775071712,45.835582353718856,44.65987717653836,42.076480185882076,40081
37.65775558225012,58.60628462232508,35.26853542742334,41.69577509868786,46.82160539514324,41.0793595217958,40105
35.996096853763746,37.49767196548867,29.359380995970728,32.05257996739185,31.22660011498454,29.929572834136664,40129
36.181267873910365,37.780286007476256,30.12440567075517,35.087190953159464,28.6234684491109,31.549858520950735,40153
30.823403601098228,32.73952404786784,27.281277881532937,31.576860374613467,26.96622624688275,27.56957316757598,40177
33.16226178112742,26.875353899890918,30.643734033552953,30.32381417548786,31.05822188137068,29.080751773856726,40201
39.30780105604274,33.989936350721486,34.17299296739445,35.84636681575608,28.459205581821106,33.51381791017698,40225
35.31918581003242,34.90433632527946,32.99439359346938,32.26501181843438,26.71050341384877,31.606468959473307,40249
35.112882325836146,30.813649559535403,30.19804582109969,28.945712213691756,24.588105890319554,29.148473898391316,40273
35.796252229836455,38.45474147670317,36.86039380008163,30.14443423033213,28.252473787715267,32.713193271958154,40297
32.98654161016497,34.558721990410284,38.583929055134334,31.464967929161034,33.12697107443002,33.28418655902959,40321
39.40194498057278,41.3521827788601,39.53912345840716,35.1248995069574,36.955937423976216,37.67186738850488,40345
39.93185871522412,35.074704007308604,38.9720793628084,35.435696035128274,33.09155837476868,35.369105764502144,40369
42.63396898266281,36.85995184876182,43.229743124158524,35.24011045547905,43.28028894519469,39.20147629448354,40393
41.910855375213245,40.948738691651165,40.569880500747054,40.176430921233695,47.20431424434323,41.35754442251647,40417
40.398276793599585,37.8751467487852,35.89608308666979,42.37085752505316,45.07632671309195,39.3328977745906,40441
37.04144331459045,41.63892909859184,32.81764836312708,44.99150840423504,46.489677270625535,39.580871033833404,40465
34.35324392524261,35.478675665015274,30.8231856631214,41.41159991086418,43.02194955714516,35.93787335770328,40489
39.75340195054077,44.07582590523833,36.96184813267338,48.17836363368231,43.71738548252781,41.7748575508675,40513
39.922098766557646,45.12618431081271,35.06918056079004,44.16359224632487,46.12935352343672,41.377489260470014,40537
38.5456797059375,40.42676983604662,35.165858146108945,34.572842919043794,37.1214938083913,36.22422671735405,40561
36.72099556124137,39.01902282284554,35.11719304096043,34.48233328045251,33.8970979781825,35.106228854702714,40585
33.646090462209685,43.623372674033526,33.733840431077944,35.858351238306625,37.31796515825062,35.94724637141302,40609
34.903025311349566,44.638000766469105,35.39740794121288,37.60938597957854,35.7239309800989,36.98978476264093,40633
33.6473445209225,32.25246157133679,29.680550271678342,28.33713073330452,32.675303455476794,28.806299265397595,40657
28.82017707424844,24.20504545885365,25.995054535469635,24.51300640834075,25.917683703148885,23.784783208948582,40681
28.488433933711516,25.769531134889153,27.955245863965708,25.42763041012517,23.34092490767539,24.06540655032236,40705
26.18764926259702,25.90759608479341,27.66594803475155,27.9680581201142,22.575145728291666,24.114774779511666,40729
28.756584225751155,27.745995060359157,31.334229386830426,31.035430218642098,25.542318202958963,26.886058548852308,40753
35.747897155969305,29.819631854131647,31.002827550835143,33.370234616400026,34.38666518059655,30.49548941772244,40777
30.310957822995753,31.91678407276574,34.187842036450405,32.77483021621978,33.24964444177019,30.924375140453336,40801
35.70374968098581,38.62934498151858,38.15194087709522,31.568605504607397,33.67510750128434,33.65532187605317,40825
49.328872546394344,39.93625721332657,43.657666817570195,39.15909234081038,38.08399368345504,39.956272017419366,40849
40.93341708431079,31.134197783829197,34.042746344363486,32.80564660472949,39.86694771032064,33.363823708663055,40873
45.60437298837635,30.51346774111249,33.19220812482851,38.55359663798338,36.717678478200426,35.00171496282713,40897
47.208170885700845,29.19541989459079,31.184826831268776,27.370698329106723,31.425706610367985,31.223433374073203,40921
42.69058684405533,35.38311090695743,34.616891872192426,36.160356848174025,42.25973163261394,36.30030603367836,40945
42.64791080452388,42.783453975392014,34.623125546582465,42.7610396279391,43.56386967592791,39.37355366989158,40969
38.07363404628013,37.30779395429995,35.8444433575039,39.542552779245106,50.17267809813569,38.13497380507968,40993
38.49392190375105,37.04682313361727,36.941507372635286,44.30542112483848,43.75459815173611,38.983699283317414,41017
42.194487838622805,35.27113577075499,34.903625311946186,43.64212698300798,49.169241118405495,39.98447549123697,41041
46.622415910895704,41.81124167248442,38.45780898955941,40.039270570458385,41.69265750540113,40.85046722105797,41065
29.27488168214826,32.07316158664523,27.639178335916053,39.74579142556959,34.240453758079106,31.472719152791456,41089
28.619638535838146,29.28657069335075,26.34921246254065,26.874892507037938,28.567480982764884,26.67254417844265,41113
35.892025624505415,39.273277268456084,32.84854848422684,35.85162657716547,32.24342111309649,34.43256295879467,41137
42.78776182857621,37.9540124740259,36.55993562755364,38.98537577753024,37.476345481349504,37.87373498168163,41161
54.35570736807203,46.363167817774084,41.40062766019912,46.03662694222799,41.70186793113203,45.22227248722551,41185
57.32440993075214,53.23505967523101,51.24811510205468,54.16171657460928,39.99481933244491,50.239213760651516,41209
60.13110335452631,52.26261275750131,51.90980261538018,56.635332182320575,48.577760582398405,53.031475034763105,41233
55.42692699355822,44.70809686796093,52.48918916959326,53.885808736628114,51.96754003172232,50.64747892769201,41257
52.36258260889449,44.30533108834883,46.26319731296299,35.84857581061256,52.12235303761674,44.39849494042506,41281
42.960268535582934,32.31762568599522,33.39105845257008,31.95668235901829,42.985465652698615,34.188685918660816,41305
45.53600716847394,39.51802731528514,33.84496926974988,31.151379362360643,45.57025112557584,36.19337295719866,41329
41.51323354074066,40.42945206022007,33.73522310681931,30.068965428730365,40.22633769793391,34.54850617241254,41353
42.72565574948585,39.54248881976678,36.481803100990504,35.3681396616259,40.78227608772638,37.006446783418454,41377
48.77491430335377,44.954678937170385,43.678805745546526,38.252771378940274,44.583903063923366,42.27920992177671,41401
44.694791048683996,48.00637833808678,39.25794231168609,50.16460098791669,36.662745886929,41.09749607847614,41425
42.709880031423545,49.24910868108099,37.49639594840796,47.64379919924144,32.54947193499893,39.59681893699757,41449
35.694947883398726,42.06267053380792,30.74855388603523,36.01014283527073,32.91840840850916,32.812217137864515,41473
42.208896179154,39.29587588322291,34.02358492017479,43.89557931786323,33.709488354795326,36.37513523131629,41497
45.34354908356235,34.56240910189085,42.88331607425911,37.235804953602276,29.873465340436375,35.73051174543131,41521
42.07711736833045,38.53006672921525,43.32651134659166,39.500039549310756,36.5617818783349,37.98598962921867,41545
36.17366249976625,34.68384842204201,30.022707626335727,33.99742844021891,25.78443464129796,30.435198719002592,41569
36.42135393263066,33.589991193596966,30.9496495374271,32.46468648661805,24.02580107068193,29.520594818885062,41593
40.40514431185806,34.253710838524974,31.581175542318032,36.61317738280909,24.894453824756273,31.65159416541574,41617
53.683275972637865,47.49041773472742,43.89482228293377,59.25863594178287,41.24473605563762,47.328119398799984,41641
80.86788886237132,79.23042062984221,74.30964011098872,78.8336474166903,77.10385894649352,76.63315767890967,41665
81.93619488741885,69.66347422474001,70.11478781139095,81.00666999984303,96.48312074362568,78.15195999241261,41689
84.98487304532021,96.82803536487835,65.17586664491084,82.81527608625133,82.88065406702997,80.08530020708689,41713
73.40537711319848,85.21993223150547,88.78358478300989,80.26953263702373,105.55091625276424,85.31786653941053,41737
84.94771130455676,67.69683512641625,67.52271951533032,66.83915822438541,76.00761739592707,70.87305323055476,41761
61.74800484086797,56.00293449413057,53.653500197251304,63.48453198124962,69.37464160287148,58.800785019889496,41785
38.66623313064445,29.382901459440998,34.448022744596166,32.54974553092128,55.52949740146762,35.75546407734161,41809
34.27705967106571,33.76573348498249,25.628492397299194,28.788471782880393,28.468095315887382,26.823019441666673,41833
26.527869247351926,28.75330676284411,24.826085653465586,23.27002076197165,30.5497062063176,24.453875821641407,41857
35.95765614242929,37.14714493341583,45.93780368340579,31.105087789478247,27.72742824068335,32.151238012471055,41881
66.05116692357575,55.22791191553565,49.924517062490665,57.36732021627582,52.154090968359306,53.74110386032095,41905
57.20113874637,61.20919088935835,66.53758044544188,47.46880074781099,52.58433112420763,54.507474322784645,41929
48.31983121710643,51.46408421687435,47.78340049157327,46.34497792947237,59.307442295802545,48.67691017575312,41953
48.791961893569535,51.25410686421901,49.78579731926524,47.83562662851611,50.603184284725764,48.36869875105251,41977
54.76898475359892,56.39470158015839,54.74100672474649,47.03204854270373,56.18276681214161,51.92035114658556,42001
58.231818746315234,65.45446807535036,63.39768086647078,66.5732542581975,54.16427545161142,59.317674015007185,42025
68.55854362694181,75.84420327780366,56.36899110456899,57.46839493248204,58.66248661184144,57.98130507273833,42049
56.58376560228358,56.822335054042085,52.98537266737168,49.66947608872201,49.85140948022546,47.95233092936366,42073
59.507809187343724,61.06286555766386,42.25892023949262,46.09778841455342,47.50558952708455,45.04641942812067,42097
54.039505572421454,48.789699095521456,51.20814426163022,49.76984412835111,55.50413287960627,45.753762383469684,42121
45.75498014973403,56.42475119723159,54.420512626152124,47.390115383341936,58.374113505503736,45.52482135606821,42145
46.65310768613102,59.05989829227737,58.26007922902313,44.58704527813389,53.630518518990385,48.27584081395992,42169
54.254609943173435,59.5799467588905,54.03898211613834,40.96049146490386,42.04981855627874,45.901673943620565,42193
38.35074664933042,55.57792855028762,41.19596084196289,40.063992604364095,55.35293073853235,42.47607367524655,42217
39.74783983789603,47.61939258984547,44.000289970370716,32.37743699641993,53.177824283605226,41.38072312853817,42241
34.197284795460874,48.02180676735725,44.786407126421125,38.09096551543393,50.583992160737445,41.08855209387074,42265
46.994536681488746,54.785184956923274,53.60388149574524,57.259269271997006,56.01587793232064,51.8930175920774,42289
59.43881706750712,60.63130201120289,65.7514300368771,52.599918452405966,53.887583137885535,56.915327366736165,42313
56.545489683388865,46.645447163948994,45.259884797427326,42.49970319372874,55.26259034741017,48.2265221370828,42337
51.50486056475808,45.517361964561594,45.9043956696241,42.686632909031914,47.51622453054782,45.66784065647298,42361
50.00995317633414,55.39327921855379,48.086447202303695,52.670614904407216,57.141065560280765,51.159895502885306,42385
41.03761706618525,57.12173640334959,49.15306398180557,63.864383291527375,61.938816268831715,53.318101599981944,42409
40.714183475831426,50.34971600552947,46.754893567201876,53.27866401853541,69.09266159967429,50.5900000375082,42433
37.169869865048604,48.171274491871145,40.65563762127766,51.641562013831916,58.98847822571227,46.22305513174271,42457
38.76552328738266,48.60745954963173,43.778133400304675,58.641618053329594,54.46977948037763,48.142961310452954,42481
35.56842730257291,44.942834589147274,39.734437822111595,59.289880413201885,54.89564782487868,45.54407311047416,42505
24.45509628029657,34.53578670256724,42.216105274153065,41.451423754089554,38.53275201114799,34.73378171822463,42529
36.24690016520524,33.65193883195721,35.72659882433076,36.60561756939599,44.901492148840326,36.23944127311222,42553
46.243866688586884,48.59302886544522,48.14199918691387,41.799478968060455,49.35422912694905,45.733425404714716,42577
47.40016430916999,45.67493603506254,47.450025658509716,42.20838398314465,47.239886541932044,45.053966096341696,42601
45.012398421772346,45.13626062128276,43.965044712480285,43.17404121668123,48.11334194863996,44.15983036034208,42625
61.09577953952801,56.08792004985302,49.53032996534947,58.63478581029536,60.032860679945436,55.90538837709468,42649
58.82094917625732,63.97646559731407,51.50663556905397,60.067820263354136,58.268909020079704,55.61752698485114,42673
68.48494492541191,68.99474826856193,53.92413858098449,64.26778530244974,57.56985122277199,59.36641198436357,42697
56.108340617374814,64.35764287653126,47.469954840480405,58.1745506658666,44.935491793290936,52.10928903251304,42721
48.15737464354875,60.88421978018559,45.43720544062522,51.75286862907137,43.03461678305352,46.1734380668678,42745
48.82672450863322,73.18555120300827,45.660354696412405,49.9427601866591,54.3818078288008,50.802633359678104,42769
63.11405768237782,68.92282402353585,49.8619403856284,52.40976276214304,63.421295531003516,56.791956291712694,42793
58.585135896928854,77.44742965218121,68.07526324166572,53.09601246661675,59.252233018676996,60.106289682406754,42817
53.94694680129643,65.23013326929414,55.74226702174131,52.5871262998654,70.2149333888687,56.33652006748403,42841
54.91377060036089,69.88358636704896,72.3654188746574,52.356284645382814,68.2558181975715,60.58776551978292,42865
68.32783476870371,79.00078655184333,71.02367343071334,62.24612650181688,55.97126352629125,64.39175227202277,42889
80.06800918077448,70.92519490241004,83.17202446329597,60.38061972092251,54.90802846840156,66.06980615682073,42913
79.45087887825622,74.25385012341187,65.20844562295812,50.83714896267234,53.637970555145316,61.998374208292304,42937
59.42126416602355,60.580952426836994,75.92103736453456,56.74502541373779,56.949227733333615,59.62638587363037,42961
40.92957134516092,40.05992900050785,32.14752307921782,44.22525724598843,38.71000200810908,37.11093686316372,42985
39.489664037755986,43.523243814884026,31.53148984830114,38.709836620384415,41.61128734081973,38.07802390684157,43009
31.747641975128698,26.392007325250077,25.45704084852778,30.380081704909887,27.72972196757305,27.189777652446022,43033
19.40789417344732,23.783501847040387,25.176344733878487,22.426802678910963,21.38061728989021,20.83522237557392,43057
36.82674906844714,49.451180542575266,37.48849004946003,25.14514063908434,33.17121512949614,35.152522994365725,43081
36.92713866805808,48.61831727601518,38.290906990185604,31.616941499910478,33.652608656346324,36.42107704219791,43105
67.44445810307279,68.20385161624749,68.21212376371957,60.4563889840728,58.61144590242523,63.50498271623155,43129
69.09948487126229,76.41297626553698,73.4539708690384,66.19458031924462,64.31797181737694,68.86367878484722,43153
74.67990814438213,73.91041373170866,70.38345688287164,68.26095647800503,69.32342927869465,70.08060442521509,43177
75.31885190502763,74.36786338271769,66.84612437880227,72.04686038762303,63.73379431961034,69.30960683438836,43201
69.6245645667199,64.9924409634627,62.929621412216285,57.30565600584908,60.16941285300192,62.13680323521364,43225
69.03998411845936,64.62132821396528,64.33077698241874,64.14403971572051,64.12904233827155,64.41971543620514,43249
66.0435166707622,70.02147589007616,57.07022110211724,61.50129587885993,65.45551521261284,63.092203414893575,43273
42.5185690708093,48.280687262287614,53.13043792838057,50.52493186285701,52.12805333030484,48.05297702469322,43297
43.4532287285959,47.7293041929348,50.70385516589632,52.076452955607046,52.216357289658056,48.19701443874719,43321
41.552253969605594,47.403974485717306,51.25400719376962,45.06906447091432,44.889954464897265,45.00031823768546,43345
42.21105629281714,47.68131041999293,42.90038152691522,38.43259607224796,43.70343656375555,41.333521709400635,43369
39.200689419484014,43.519690108632055,40.58448112864469,39.84583127949378,37.66181237033916,38.94278251062925,43393
38.76626942673783,45.056524353197105,40.67637015003181,39.46454753764843,35.826866721341304,38.632919462187026,43417
29.273988928826544,34.76029311579842,33.10874815116386,29.27532243923648,30.67769803810916,29.705905802910166,43441
38.93811439986883,47.03096674513051,48.198237929803334,47.85790350505109,45.36371052513251,43.664712975517496,43465
34.19508839698602,40.61667142534399,42.86218805647564,43.75759227716807,45.66678745359815,39.360006808832296,43489
