forecast,seeds,share_of_squared_error_on_top_10pct,mean_error_top_10pct,mean_error_rest,rmse_rest,rmse,threshold
"final model, single seeds",5,38.42895556400209,-45.46066359052167,15.899099408015582,37.992528422057426,45.94166801318845,210.0
"final model, average of seeds",1,38.95995351307643,-45.46066359052166,15.89909940801558,36.16454445617239,43.917336205511795,210.0
B2: target = raw,5,38.10836256403849,-99.68925602197001,26.444700757075122,50.03141563663356,60.334700914877956,210.0
B2: target = log,5,57.399299295707976,-115.09917168009895,11.401520509445026,39.58673419336206,57.561492952816536,210.0
I: variables = all,3,56.87496442658948,-112.5378433863322,11.475480406386572,39.531202776152185,57.11541232673562,210.0
I: variables = all+roll,3,66.523728902249,-134.3534205771828,2.463032506342857,35.76994412570151,58.69640002643771,210.0
I: variables = all+diff,3,61.2049469785949,-122.2513426519668,8.412424212090418,37.40389043494344,57.05056188104754,210.0
I: variables = all+roll+diff,3,61.943149629852165,-122.69217850953044,7.474834135238351,36.911997310329134,56.96914141020641,210.0
S2: raw,5,38.10836256403849,-99.68925602197001,26.444700757075122,50.03141563663356,60.334700914877956,210.0
S2: log,5,57.399299295707976,-115.09917168009895,11.401520509445026,39.58673419336206,57.561492952816536,210.0
S2: average of raw and log,5,49.474154529425384,-107.3942138510345,18.923110633260073,42.47424775700395,56.70107620859248,210.0
S3: one linear layer (as now),5,49.474154529425384,-107.3942138510345,18.923110633260073,42.47424775700395,56.70107620859248,210.0
S3: two-layer network,5,45.028646346842585,-79.5596614402161,15.170799049585586,39.654132275713614,50.756064924469484,210.0
S3: linear layer + means and changes over 6 and 24 steps,5,54.40117374399517,-107.32271476554354,12.678023800575605,38.165107894763786,53.64765385905448,210.0
S4: two-layer network (as now),5,45.028646346842585,-79.5596614402161,15.170799049585586,39.654132275713614,50.756064924469484,210.0
S4: two-layer network + means and changes,5,38.29462804029781,-55.663232485970184,15.070280804494084,38.649103160334235,46.6850608299945,210.0
S7: (a) means and changes over 6 and 24 steps (as now),5,38.42895556400209,-45.46066359052167,15.899099408015582,37.992528422057426,45.94166801318845,210.0
"S7: (b) as (a), plus 3 and 12 steps",5,39.3602190032929,-44.92731651187266,15.167573580815425,38.87534544392396,47.371955698633975,210.0
"S7: (c) as (a), plus 48 steps",5,34.20855666083173,-39.19357086222992,16.262497766100324,39.668024643968906,46.403936374707335,210.0
"S7: (d) as (a), plus spread, minimum, maximum over 24 steps",5,38.08255148681926,-52.92519319606667,15.182616843208848,38.94132928953985,47.00126025367645,210.0
