lag,target,remainder
1,0.9647417235330271,0.8297738539122218
2,0.9172138559922205,0.606443400161942
3,0.870572085219417,0.3954603688755795
4,0.8267270896200682,0.20717317641494
5,0.7843400178850103,0.03610677483477815
6,0.7437188460328192,-0.11468884642752965
7,0.7061448894751257,-0.237476987160986
8,0.6714830488241644,-0.3312707253637553
9,0.6403849590026918,-0.3915535079476459
10,0.61229459785414,-0.4195406319612341
11,0.5872553569505247,-0.41315151599553457
12,0.5643099058406127,-0.37564218021838214
13,0.5435590658512427,-0.31030027743038546
14,0.5247495268935377,-0.24492736075554697
15,0.5081307928770303,-0.1824792848199152
16,0.493902338630792,-0.12096433515114455
17,0.48147705976652794,-0.061879722421842726
18,0.4702862035929883,-0.0072974172630614524
19,0.4598384791979657,0.041174981067591
20,0.449642407259212,0.08223604251539948
21,0.4392566429734345,0.11471453407919181
22,0.4276753312535434,0.1349979487870807
23,0.41533885915619345,0.1465450992200286
24,0.40130859058156265,0.1459865783381852
25,0.38572508725932103,0.13484007195703385
26,0.36816568625161505,0.11171115992601056
27,0.3500622635252523,0.08359946446901158
28,0.3313766131881857,0.05054388047274223
29,0.31301512516413527,0.017325739322727803
30,0.29533354607376344,-0.014050543244238387
31,0.27845383442569666,-0.04282701377851877
32,0.26292748415484435,-0.06628990286186116
33,0.24895564683476473,-0.08336421127648629
34,0.2363895048131886,-0.09474471455640689
35,0.22481809962899646,-0.1026258528195401
36,0.21447202551167227,-0.10585821295944386
37,0.20551719528711293,-0.10348830057200599
38,0.19821740930192724,-0.09427392528846058
39,0.19278750683127194,-0.07775464689293472
40,0.18858050814767188,-0.057160785947425075
41,0.1855001398174203,-0.032965658979545925
42,0.18329119628194596,-0.006552515317649378
43,0.1816153890827683,0.020677698209546104
44,0.18041438455561815,0.04837589442015206
45,0.17893953376955957,0.0727471498236191
46,0.17693950449723572,0.09280469779478984
47,0.1739606101685079,0.1064132040594102
48,0.17003402157760603,0.1136536864820594
49,0.16390655453052375,0.10821429795069018
50,0.15627532122392523,0.0936809348595893
51,0.1480133609948195,0.07458476025914368
52,0.13915939330244945,0.051459423531547234
53,0.12957911199114802,0.02396378913382719
54,0.12050281299127745,-0.0017260794663794669
55,0.11130444528203166,-0.028691174285705584
56,0.10291330738496329,-0.05219436040889344
57,0.09604615854204945,-0.0684968075528329
58,0.08997438882458497,-0.08115181354094657
59,0.08492181621835107,-0.08904394694181549
60,0.0809066990541415,-0.09221988093492164
61,0.07833093740310981,-0.0885787198376686
62,0.07666605585981666,-0.08079041653450914
63,0.07597877916370155,-0.06828312294480515
64,0.07609424793568974,-0.05180500687081515
65,0.07648655978354878,-0.03396823888444986
66,0.07755833748346191,-0.013102403960038072
67,0.07933608236774677,0.011069298794013159
68,0.08107763257988808,0.034586763237334325
69,0.0826391327016228,0.05677118812564829
70,0.08370788933696419,0.076201218117089
71,0.08407362292714562,0.09180508332759657
72,0.0837057617015478,0.10365869345868348
73,0.08191197496969536,0.10850475333212757
74,0.07791167288261854,0.10291810353153011
75,0.07164830327619127,0.08641889857589165
76,0.06434760547047336,0.06477039909160145
77,0.05641916801333409,0.03961332507613881
78,0.04850255658158451,0.013938207065207852
79,0.0406749043804161,-0.011959900904059014
80,0.03346371409778719,-0.03521717993677187
81,0.026974678826889528,-0.0552141047320194
82,0.021633027044048223,-0.06942882292437948
83,0.017130371143794502,-0.07897504486355375
84,0.012991812395489825,-0.08593337769865173
85,0.009425815665364445,-0.08890794397457466
86,0.00612488176845528,-0.08961818867302254
87,0.004200530454902866,-0.08336697617859692
88,0.0039990756818134585,-0.06899214486470921
89,0.0055737784712127526,-0.046300621563223995
90,0.007911416461530313,-0.02049789569984778
91,0.011165368388353882,0.008926546908006374
92,0.014511793118999803,0.03766500273316827
93,0.01761484498386623,0.0640337589159985
94,0.01952981719935345,0.08322173411368222
95,0.019978723514506518,0.09386269018927716
96,0.019120073451372243,0.09684154859283084
97,0.016715778387745996,0.09066501971475825
98,0.01350816144397599,0.0787559092643868
99,0.01021078967714925,0.06438472237071231
100,0.006141029339428517,0.04446344965988281
101,0.0013023280329975651,0.01913571481154609
102,-0.0035233548949008538,-0.00748380286099007
103,-0.007679667040978733,-0.031651433539485206
104,-0.011081441584092997,-0.05258087222793075
105,-0.013782927276091797,-0.07025686198991206
106,-0.015354438836388613,-0.08247728790382712
107,-0.015774472305713445,-0.08910850957514153
108,-0.01555044082480704,-0.0930397155809535
109,-0.01408684031615341,-0.09121149584519318
110,-0.011392093039045549,-0.0833154398260109
111,-0.007797993399532273,-0.07077093905696408
112,-0.0035320452363941535,-0.054629588974195134
113,0.0021675267661996765,-0.03126700699661239
114,0.00886968615405944,-0.0031038216747378907
115,0.014970366176520918,0.021917115915362995
116,0.020985119711613404,0.046556481627982545
117,0.026276519442042953,0.06785066915323314
118,0.031015300429894546,0.08652912907395167
119,0.03440441434159046,0.0985923252951646
120,0.0371978264474656,0.10760239067942642
121,0.038266592753176724,0.1078142365207434
122,0.03683688716748302,0.09538721821548439
123,0.03389632878913995,0.0753072476987482
124,0.03054434934119792,0.053097867909781805
125,0.026606276073966397,0.028189006359079255
126,0.022492078600800335,0.0030483590301595277
127,0.018369334876313377,-0.02141127516855058
128,0.01421821029398181,-0.04545328965120833
129,0.01028500529341158,-0.06768913733390276
130,0.007234153415736925,-0.08464360751059909
131,0.005324413011223624,-0.09472560571688224
132,0.004874283279461694,-0.09637938527391435
133,0.005426847489404474,-0.0913475579265653
134,0.0071762282673457556,-0.07876794016415654
135,0.009703774451420736,-0.06132237663101188
136,0.012776813171260793,-0.04062059859260379
137,0.01574408280437543,-0.019892709596147445
138,0.019011076011785533,0.002471951048642451
139,0.023041773529096195,0.02863610715018345
140,0.026898760764107726,0.053663024357491824
141,0.030229027920938477,0.07550416302909811
142,0.03238778036631651,0.09069850016998471
143,0.03325130022644266,0.09843778292312334
144,0.0328546200109914,0.09902848442717295
145,0.030565905382630355,0.08968227339131803
146,0.026853894314171137,0.07289157044175554
147,0.022255307406963274,0.051420642442871076
148,0.01734380440351671,0.028289964633207633
149,0.012086123713476823,0.0032833873979012844
150,0.007238902536098005,-0.020018095957920888
151,0.0026576688492996004,-0.042015933525419685
152,-0.0011530069863043757,-0.059981765371217126
153,-0.004064306522502374,-0.07323799980268025
154,-0.005963303032647228,-0.08133699191214774
155,-0.006509046047446946,-0.08264105444694796
156,-0.006095557694978491,-0.07924124832720716
157,-0.004990511114842907,-0.07245703852863958
158,-0.0032172848635945123,-0.06261775992641799
159,-0.0005172291770498122,-0.04871134822973707
160,0.0026811791891286872,-0.03298785000877049
161,0.006635345444830556,-0.01423678334934084
162,0.010946825258536632,0.005572155554875708
163,0.014870802051539962,0.02282755707771078
164,0.019007885239268812,0.040488005969246274
165,0.02288202800913077,0.05618401382762398
166,0.026527754873189813,0.06987291214548678
167,0.029150223547477504,0.07789358547720152
168,0.03090016781887991,0.08130903607266046
