key,seed,seq_len,d,kernel,factor,dropout,trend_start,target,external,variables,daily,window_norm,epochs,batch,lr,P,seconds,rmse,mae,smape,block_rmse_mean,block_rmse_std,fade,train_end,e_layers,marks_net,marks_hidden,marks_layers,train_start
909804b38935,0,168,32,25,1,0.1,mean,raw,past+future,all,True,False,3,64,0.003,22084,14.8,118.08415913768276,100.903856739338,91.38741199421418,112.44510494869309,36.05505529507595,,,,,,,
afe1f17886ca,1,168,32,25,1,0.1,mean,raw,past+future,all,True,False,3,64,0.003,22084,14.6,117.32297786050232,102.3516006423991,92.3681516266403,113.16567234340116,30.95499535005432,,,,,,,
228a1b5e7f60,2,168,32,25,1,0.1,mean,raw,past+future,all,True,False,3,64,0.003,22084,14.7,127.414783518608,111.55961029300194,95.59559838904912,122.62194707911712,34.61770000476559,,,,,,,
e573915a804f,3,168,32,25,1,0.1,mean,raw,past+future,all,True,False,3,64,0.003,22084,14.7,116.7344877326734,101.32428712147843,92.25632112374512,112.63037688447616,30.68124555930756,,,,,,,
b0e402f2528c,4,168,32,25,1,0.1,mean,raw,past+future,all,True,False,3,64,0.003,22084,14.8,119.17939209522658,103.29859710369432,92.33526094781146,114.69171027788246,32.396590773135706,,,,,,,
baf56594a781,0,168,32,25,1,0.1,fade,raw,past+future,all,True,False,3,64,0.003,22085,15.0,60.62865483856275,44.793049057721845,65.90045719035189,57.23721020838907,19.9933877843216,0.920949637889862,,,,,,
e671b4f06159,1,168,32,25,1,0.1,fade,raw,past+future,all,True,False,3,64,0.003,22085,15.0,63.79526143951997,48.3063791236456,66.34227778372208,60.250004596648594,20.970749348569463,0.9201980233192444,,,,,,
a747ef2ec4af,2,168,32,25,1,0.1,fade,raw,past+future,all,True,False,3,64,0.003,22085,15.1,58.82572880271848,43.29411469507112,65.48344431005442,55.758992550786346,18.745696009813432,0.921358585357666,,,,,,
af0da77d04a8,3,168,32,25,1,0.1,fade,raw,past+future,all,True,False,3,64,0.003,22085,15.1,60.56453398871452,45.50333198005383,64.82586936536052,57.75631299283103,18.228304549362072,0.9268397688865662,,,,,,
c53975ca93a3,4,168,32,25,1,0.1,fade,raw,past+future,all,True,False,3,64,0.003,22085,15.2,60.451319567124976,45.26296498075735,65.7115561268758,57.38401858385431,19.01148201941476,0.9203185439109802,,,,,,
4817abe6c665,0,168,32,25,1,0.1,anchor,raw,past+future,all,True,False,3,64,0.003,22085,15.2,58.17862097959358,42.68217539577983,65.07660201458,55.02002562388449,18.908958708355662,0.9420681595802308,,,,,,
fc0b6ba10add,1,168,32,25,1,0.1,anchor,raw,past+future,all,True,False,3,64,0.003,22085,15.2,61.08459622887963,45.29330336224929,64.26103784364075,57.489963317532265,20.64538723768701,0.9426334500312804,,,,,,
a7aca2df312f,2,168,32,25,1,0.1,anchor,raw,past+future,all,True,False,3,64,0.003,22085,15.3,60.59866482669996,44.92058652732806,65.47799815476864,57.16788475706735,20.100525644405163,0.9395564198493958,,,,,,
eff7c0093195,3,168,32,25,1,0.1,anchor,raw,past+future,all,True,False,3,64,0.003,22085,15.3,60.38978434997723,45.129397407254366,64.92095695912948,57.54952642858643,18.30240589873874,0.9447534680366516,,,,,,
489a23fc19cc,4,168,32,25,1,0.1,anchor,raw,past+future,all,True,False,3,64,0.003,22085,15.3,60.08297143169951,44.57765807263087,65.08308188783421,56.99302131703067,19.0199625977263,0.9445462822914124,,,,,,
d412d8012fc9,0,168,32,25,1,0.1,anchor,log,past+future,all,True,False,3,64,0.003,22085,15.3,58.18535001879837,38.92646961414562,49.04115093850782,53.380015375946805,23.15402589775183,0.9389480352401732,,,,,,
497b87b9e599,1,168,32,25,1,0.1,anchor,log,past+future,all,True,False,3,64,0.003,22085,15.3,58.30621778277333,37.22934091213329,46.79310855926398,51.8748668128831,26.61979010581851,0.9332945346832277,,,,,,
ef30aaeb0d33,2,168,32,25,1,0.1,anchor,log,past+future,all,True,False,3,64,0.003,22085,15.3,60.7728970459333,39.115247934579,48.20458038534222,54.41820303842276,27.05557601354301,0.9378883838653564,,,,,,
24d504e1046b,0,96,32,25,1,0.1,anchor,log,past+future,all,True,False,3,64,0.003,22085,13.0,56.3737583929158,37.66551884550686,47.69065043257633,51.87161690323011,22.075687875746382,0.942012369632721,,,,,,
02da9b491f67,1,96,32,25,1,0.1,anchor,log,past+future,all,True,False,3,64,0.003,22085,13.0,58.26439913413317,39.78937560907592,50.14084910019265,53.92652130773635,22.060609830823694,0.9396390914916992,,,,,,
f398e1abe356,2,96,32,25,1,0.1,anchor,log,past+future,all,True,False,3,64,0.003,22085,13.0,57.223088825907176,37.804803859666364,47.1948026331194,52.376133000777806,23.048266456774947,0.9424026608467102,,,,,,
3b01cf452a0b,0,336,32,25,1,0.1,anchor,log,past+future,all,True,False,3,64,0.003,22085,22.5,60.86380067613143,37.93451624359127,46.7562074438818,53.778859566749176,28.499763094519373,0.937775492668152,,,,,,
0d16c19fa20b,1,336,32,25,1,0.1,anchor,log,past+future,all,True,False,3,64,0.003,22085,22.4,59.15343582645262,39.233228277616334,49.32324929941153,53.983308602390274,24.185354295799435,0.9300001859664916,,,,,,
53a88b96a8b5,2,336,32,25,1,0.1,anchor,log,past+future,all,True,False,3,64,0.003,22085,22.4,59.62806545976994,37.56039945013423,46.21221615656442,52.71332787922097,27.87133391806631,0.9365839958190918,,,,,,
ed98c1094fc2,0,96,8,25,1,0.1,anchor,log,past+future,all,True,False,3,64,0.003,1685,12.8,59.64029604811054,40.239664436007175,51.52531277160308,53.93252315056586,25.46071207409464,0.9426732659339904,,,,,,
c67a227a2dd1,1,96,8,25,1,0.1,anchor,log,past+future,all,True,False,3,64,0.003,1685,12.6,59.93861703499457,39.74021718240163,50.40668708273586,53.92969781479308,26.157704518417592,0.9439024329185486,,,,,,
362f8ccdf58b,2,96,8,25,1,0.1,anchor,log,past+future,all,True,False,3,64,0.003,1685,12.3,60.06846517322661,39.792220626741845,50.775286521081874,53.72805967410859,26.861051951153467,0.9437150955200196,,,,,,
e141c42226c5,0,96,16,25,1,0.1,anchor,log,past+future,all,True,False,3,64,0.003,5925,12.3,57.50029629271771,39.03300744654739,49.7026700746123,52.47975083310743,23.498081331148832,0.938060224056244,,,,,,
f53241c86764,1,96,16,25,1,0.1,anchor,log,past+future,all,True,False,3,64,0.003,5925,12.4,56.80371351294947,37.87290423931324,48.476618258162894,51.541192199909,23.87817780889652,0.9446023106575012,,,,,,
c8f4047298e6,2,96,16,25,1,0.1,anchor,log,past+future,all,True,False,3,64,0.003,5925,12.4,57.04222714609085,38.05684089679198,48.41323682922534,52.03944061064695,23.360485840777645,0.9429529905319214,,,,,,
6ec6909f8725,0,96,64,25,1,0.1,anchor,log,past+future,all,True,False,3,64,0.003,85125,22.9,58.53040576931906,39.93709362739591,50.55274478511983,54.332478153912255,21.76672270177083,0.9370391964912416,,,,,,
bb227684aa40,1,96,64,25,1,0.1,anchor,log,past+future,all,True,False,3,64,0.003,85125,23.0,56.84784506231782,38.39581539878089,47.944927899189416,52.40151944587503,22.039923956149977,0.9365323185920716,,,,,,
0a92f269a42b,2,96,64,25,1,0.1,anchor,log,past+future,all,True,False,3,64,0.003,85125,23.0,61.72392319424692,39.83499254200045,49.23949348423899,55.99046377800264,25.979042715494096,0.9409046173095704,,,,,,
e3e624644bb7,0,96,16,25,1,0.1,anchor,log,past+future,all,True,False,1,64,0.003,5925,4.3,59.8314441714781,39.78483391672681,50.70202580402522,54.00153168651543,25.76113908884799,0.9532204866409302,,,,,,
3fbded204369,1,96,16,25,1,0.1,anchor,log,past+future,all,True,False,1,64,0.003,5925,4.3,59.60944324185536,39.08062350586952,49.34132119015452,53.06245006972381,27.15993586520489,0.9552268385887146,,,,,,
6eb8255bf502,2,96,16,25,1,0.1,anchor,log,past+future,all,True,False,1,64,0.003,5925,4.3,59.68746085497044,39.57407807933884,50.03157024473571,53.61113970907327,26.238115069643552,0.9551385045051576,,,,,,
a9009df33905,0,96,16,25,1,0.1,anchor,log,past+future,all,True,False,2,64,0.003,5925,8.5,58.24919623509478,39.682146338171655,51.16591626748351,53.44757496610831,23.15870446024157,0.9452434182167052,,,,,,
b62d898d43e4,1,96,16,25,1,0.1,anchor,log,past+future,all,True,False,2,64,0.003,5925,8.5,57.42969139646148,37.87460596271828,48.21035384226558,51.67045913122117,25.066573500612428,0.9486401677131652,,,,,,
5de87b94363e,2,96,16,25,1,0.1,anchor,log,past+future,all,True,False,2,64,0.003,5925,8.4,57.053518627428296,38.47229091368549,49.22869679186813,52.18169923567464,23.06890228528222,0.9493736624717712,,,,,,
76fa15e86d2c,0,96,16,25,1,0.1,anchor,log,past+future,all,True,False,4,64,0.003,5925,16.7,58.02649951394766,39.2020256460347,49.68037407262226,53.09416728467254,23.411194890252347,0.9334284067153932,,,,,,
95e039f80ba4,1,96,16,25,1,0.1,anchor,log,past+future,all,True,False,4,64,0.003,5925,16.5,58.37269354719099,37.682681942827465,47.30905215969364,52.35972313075108,25.80369635585887,0.9407278895378112,,,,,,
dc9ea8ecd274,2,96,16,25,1,0.1,anchor,log,past+future,all,True,False,4,64,0.003,5925,16.7,56.58744872082885,36.94713196554093,46.45878583546791,51.42183816771667,23.6206247204766,0.9391143321990968,,,,,,
254f5c0ff234,0,96,16,25,1,0.1,anchor,log,past+future,all,True,False,6,64,0.003,5925,24.8,57.9031268771765,39.60213035623205,49.94110107684796,53.20465056798391,22.84813471802742,0.9269582629203796,,,,,,
02bfa3d58410,1,96,16,25,1,0.1,anchor,log,past+future,all,True,False,6,64,0.003,5925,25.0,60.32699028118519,37.90561309388667,46.489924268136576,53.61784260015843,27.64909964702011,0.937185287475586,,,,,,
3291f8280be9,2,96,16,25,1,0.1,anchor,log,past+future,all,True,False,6,64,0.003,5925,24.9,60.77540655544226,38.09544787365169,46.73057553094274,54.18045694368481,27.534126595060364,0.9330379366874696,,,,,,
cd3f31d57f5d,0,96,16,25,2,0.1,anchor,log,past+future,all,True,False,3,64,0.003,5925,15.2,57.42226112918537,38.73228146252181,49.70193154353115,52.70516891578279,22.79213115851955,0.9375194311141968,,,,,,
7a8bdd8f4733,1,96,16,25,2,0.1,anchor,log,past+future,all,True,False,3,64,0.003,5925,15.0,57.8948596399876,38.52771830342,48.98943659524894,52.57582601002344,24.240406186728944,0.9419502019882202,,,,,,
f4db95bd160a,2,96,16,25,2,0.1,anchor,log,past+future,all,True,False,3,64,0.003,5925,15.0,57.523231577537125,38.9454359848152,49.208681289082215,53.23021926859257,21.80518121320071,0.9419348239898682,,,,,,
cf40c1976b25,0,96,16,25,3,0.1,anchor,log,past+future,all,True,False,3,64,0.003,5925,17.8,59.09638134281409,39.96403038383069,50.34851835719787,54.30884202901582,23.30090052514514,0.9376381635665894,,,,,,
0852e0db07a1,1,96,16,25,3,0.1,anchor,log,past+future,all,True,False,3,64,0.003,5925,17.9,58.2750355767365,38.29020002745224,48.38340814763823,52.58547540633074,25.114687888964298,0.9420793652534484,,,,,,
f9bebd8adb45,2,96,16,25,3,0.1,anchor,log,past+future,all,True,False,3,64,0.003,5925,17.8,57.33681477982712,38.41793997486033,48.50256614996599,52.61984205354786,22.77416411980641,0.9397673010826112,,,,,,
fe97641c5e61,0,96,16,25,1,0.1,anchor,log,past+future,all,True,True,3,64,0.003,5925,12.6,94.88027061192686,48.66439021747773,56.50018327938524,68.38462504937152,65.77088115761673,0.989052712917328,,,,,,
c4a19aa750c8,1,96,16,25,1,0.1,anchor,log,past+future,all,True,True,3,64,0.003,5925,12.5,90.38219972648692,50.90685790255775,59.454641832311005,68.19897519642107,59.31139696176878,0.9929283261299132,,,,,,
3de18f91c605,2,96,16,25,1,0.1,anchor,log,past+future,all,True,True,3,64,0.003,5925,12.6,93.97883465525864,51.044261287630206,58.47154740766031,69.29247923877826,63.48679929011956,0.991932213306427,,,,,,
9c4d1307cda0,0,96,16,25,1,0.1,anchor,log,past+future,all,False,False,3,64,0.003,5861,12.6,58.04576272838265,39.705079245935806,51.24381819272886,53.310113848699686,22.96393546756248,0.9422388076782228,,,,,,
0b1d7abd4821,1,96,16,25,1,0.1,anchor,log,past+future,all,False,False,3,64,0.003,5861,12.5,59.49918895814417,40.03204039647276,50.73580075633623,53.98932398113338,25.00612690396417,0.9452034831047058,,,,,,
f2d03de65e92,2,96,16,25,1,0.1,anchor,log,past+future,all,False,False,3,64,0.003,5861,12.5,59.05346158238672,40.01751961332711,51.01813953415248,54.053328895828365,23.78127330783259,0.9433577656745912,,,,,,
249aee2bf7c1,0,96,16,25,1,0.1,anchor,log,none,all,True,False,3,64,0.003,5605,12.5,88.51907651995862,59.76609149416691,74.33319792427271,76.98474843034707,43.69182322886586,0.951708734035492,,,,,,
a9403fb49504,1,96,16,25,1,0.1,anchor,log,none,all,True,False,3,64,0.003,5605,12.6,88.54583164249233,59.79411179417201,74.36466514292736,77.04612874523063,43.63780868276893,0.9520776867866516,,,,,,
4d1ed1fa017b,2,96,16,25,1,0.1,anchor,log,none,all,True,False,3,64,0.003,5605,12.5,88.44416477122525,59.77774572937919,74.2994909800608,76.97760510187291,43.55248092657582,0.9526661038398744,,,,,,
4b8df95da609,3,96,16,25,1,0.1,anchor,log,none,all,True,False,3,64,0.003,5605,12.4,88.44623805375794,59.80098748241635,74.38253487788577,76.98443485685966,43.54461867592767,0.9521167278289796,,,,,,
0b391d251f5e,4,96,16,25,1,0.1,anchor,log,none,all,True,False,3,64,0.003,5605,12.5,88.49274386572739,59.79602352640987,74.35100514839833,77.00360252762034,43.6051707329933,0.9513898491859436,,,,,,
a1564dd8732f,0,96,16,25,1,0.1,anchor,log,past,all,True,False,3,64,0.003,5925,12.6,87.76618518250054,59.26543967227713,73.64841661069052,76.42864029519063,43.14587122909143,0.9536977410316468,,,,,,
1e34942976eb,1,96,16,25,1,0.1,anchor,log,past,all,True,False,3,64,0.003,5925,12.6,88.64116370496953,59.52562867266896,74.07040629007086,77.07059427694001,43.78789102903344,0.9549749493598938,,,,,,
03d3410ab031,2,96,16,25,1,0.1,anchor,log,past,all,True,False,3,64,0.003,5925,12.5,87.64631747184552,59.10874693363104,73.62034276821488,76.23488595631119,43.24487402691516,0.9534018039703368,,,,,,
432d2ae891e3,3,96,16,25,1,0.1,anchor,log,past,all,True,False,3,64,0.003,5925,12.6,88.1484264846339,59.4637440130038,74.00013722694449,76.78462652159601,43.292796417601885,0.9565833210945128,,,,,,
1fed1be50e1c,4,96,16,25,1,0.1,anchor,log,past,all,True,False,3,64,0.003,5925,12.6,88.34958855800883,59.6919347815632,74.17390150149463,76.90069591667894,43.49635347819316,0.95289409160614,,,,,,
bfb711010506,3,96,16,25,1,0.1,anchor,log,past+future,all,True,False,3,64,0.003,5925,12.6,57.6205130186061,38.51161405966701,48.674150418827,52.828530313274925,23.005866761909825,0.9457650780677797,,,,,,
acd765a8bea3,4,96,16,25,1,0.1,anchor,log,past+future,all,True,False,3,64,0.003,5925,12.5,58.84071479043885,38.572134280862,48.6296989107966,53.08598501956437,25.37928114727361,0.9424228072166444,,,,,,
b9c05060189a,0,96,16,25,1,0.1,anchor,log,past+future,flags,True,False,3,64,0.003,5733,12.5,71.8930586403948,47.29615147125979,56.90795958869717,63.74612412279996,33.242195174083,0.9473212361335754,,,,,,
1ff28753f34a,1,96,16,25,1,0.1,anchor,log,past+future,flags,True,False,3,64,0.003,5733,12.5,71.93630724321599,46.9026699540424,56.45372417182535,63.45044856373972,33.89502731744866,0.9485077261924744,,,,,,
4b5b269c0751,2,96,16,25,1,0.1,anchor,log,past+future,flags,True,False,3,64,0.003,5733,12.5,72.93321812780638,47.75385517739685,57.66346579897048,64.60851854691677,33.8377546189297,0.947108030319214,,,,,,
1cd7c7041a9b,0,96,16,25,1,0.1,anchor,log,past+future,continuous,True,False,3,64,0.003,5797,12.5,65.02762022353473,42.031586070961005,53.293881882517525,58.60064726671731,28.1878614275372,0.9562585353851318,,,,,,
d4a02661c810,1,96,16,25,1,0.1,anchor,log,past+future,continuous,True,False,3,64,0.003,5797,12.5,65.29695870295627,41.64296335326206,52.06686191867816,58.374936866855,29.25849554652925,0.9552574753761292,,,,,,
2a4f97b5c30f,2,96,16,25,1,0.1,anchor,log,past+future,continuous,True,False,3,64,0.003,5797,12.5,56.565015718342686,39.59530677571094,52.06317017346717,53.348599882225066,18.80233745635396,0.9595034718513488,,,,,,
c58afd6f77a0,0,168,32,25,1,0.0,mean,raw,past+future,all,True,False,3,64,0.003,22084,14.5,67.89669034888279,50.38163915362719,72.63161845653808,63.62833942295906,23.69377518693016,,,,,,,
bea70ced1327,1,168,32,25,1,0.0,mean,raw,past+future,all,True,False,3,64,0.003,22084,14.3,66.54171958592785,48.9430522164424,71.61720984874907,62.06106716713346,24.004674284997137,,,,,,,
0df704ecc849,2,168,32,25,1,0.0,mean,raw,past+future,all,True,False,3,64,0.003,22084,14.4,65.28344987576668,48.92516662945162,72.08684035879828,61.41731944651894,22.132367692725225,,,,,,,
799301d38572,3,168,32,25,1,0.0,mean,raw,past+future,all,True,False,3,64,0.003,22084,14.4,68.00738794256787,49.86683271337401,73.09903492584537,63.21493045602677,25.07742774310445,,,,,,,
a74a8941aa9d,4,168,32,25,1,0.0,mean,raw,past+future,all,True,False,3,64,0.003,22084,14.5,68.01377427799846,50.59327369593032,73.39229779162628,63.87514108884611,23.36321558387308,,,,,,,
0579d1b424fd,0,168,32,25,1,0.0,fade,raw,past+future,all,True,False,3,64,0.003,22085,14.7,63.52548237105308,47.03929294783966,67.2964458704848,60.0040851274666,20.85657398737188,0.916083037853241,,,,,,
7778eee9251f,1,168,32,25,1,0.0,fade,raw,past+future,all,True,False,3,64,0.003,22085,14.7,60.51838188259953,44.61751330709332,65.56980781630534,57.0207032092742,20.27594513723139,0.913030743598938,,,,,,
6da16789423b,2,168,32,25,1,0.0,fade,raw,past+future,all,True,False,3,64,0.003,22085,14.8,61.92943542976123,46.91655033927947,66.391215573211,59.72663874949062,16.370204529473998,0.916905403137207,,,,,,
10684cd3cc50,3,168,32,25,1,0.0,fade,raw,past+future,all,True,False,3,64,0.003,22085,14.8,61.18227887931696,45.71887946288483,65.0459875483456,58.02183163227969,19.40974762591984,0.923273265361786,,,,,,
f6ed37e29fd6,4,168,32,25,1,0.0,fade,raw,past+future,all,True,False,3,64,0.003,22085,14.8,60.38078484869872,45.46971563508775,65.23992589593185,57.694408526182514,17.809952379464754,0.9169792532920836,,,,,,
9f2875d729db,0,168,32,25,1,0.0,anchor,raw,past+future,all,True,False,3,64,0.003,22085,14.8,60.22219210265816,44.78414751348741,64.85776794450325,57.36812976763622,18.319664533312668,0.9440132975578308,,,,,,
7b23d40f7070,1,168,32,25,1,0.0,anchor,raw,past+future,all,True,False,3,64,0.003,22085,14.9,59.54472790633071,42.86064617568704,63.91178161362857,55.64538271609484,21.19353684070436,0.9384101629257202,,,,,,
8064a8b6efc0,2,168,32,25,1,0.0,anchor,raw,past+future,all,True,False,3,64,0.003,22085,14.9,59.52246244179955,44.67318216976293,66.34455642439885,57.1470725841165,16.647391092935763,0.9431998133659364,,,,,,
1a5947c6d042,3,168,32,25,1,0.0,anchor,raw,past+future,all,True,False,3,64,0.003,22085,14.9,60.85808995973027,45.20798920996476,63.66500144219286,57.88902545429396,18.776790074417114,0.9451899528503418,,,,,,
21db5ba9a50c,4,168,32,25,1,0.0,anchor,raw,past+future,all,True,False,3,64,0.003,22085,14.9,58.39837366922736,43.04423978931516,62.83859712213523,55.26371711526699,18.875688538817663,0.9438786506652832,,,,,,
f6bb15ecc6c6,0,96,16,25,1,0.0,anchor,log,past+future,all,True,False,3,64,0.003,5925,12.5,57.27725248648708,37.68533989488285,47.50437693910542,52.11018580066586,23.774191641796623,0.9439778327941896,,,,,,
fb9bf141aa8a,1,96,16,25,1,0.0,anchor,log,past+future,all,True,False,3,64,0.003,5925,12.4,57.56991969336211,37.70995365134173,47.30636512423032,52.11124591856992,24.46862689883706,0.9468492269515992,,,,,,
7ef0fb92dcfb,2,96,16,25,1,0.0,anchor,log,past+future,all,True,False,3,64,0.003,5925,12.6,58.18265354031477,38.3283964705434,48.39365399004508,52.71723937058926,24.6193794831693,0.9463038444519044,,,,,,
4759719ead1d,3,96,16,25,1,0.0,anchor,log,past+future,all,True,False,3,64,0.003,5925,12.5,57.92978179109077,38.28218068477801,47.75202154717652,52.88709141395566,23.63927198826753,0.947758972644806,,,,,,
aa18b3f2792b,4,96,16,25,1,0.0,anchor,log,past+future,all,True,False,3,64,0.003,5925,12.4,59.20437231822183,38.97916463625171,48.41016771035934,53.69888509124485,24.93165541138239,0.9463533759117126,,,,,,
48bb0dc43ea4,0,96,16,25,1,0.1,anchor,raw,past+future,all,True,False,3,64,0.003,5925,12.5,61.39862850694156,46.98612746517674,65.3897758787743,58.975786161256366,17.07771147417529,0.9507310390472412,39288.0,,,,,
010a5d470feb,1,96,16,25,1,0.1,anchor,raw,past+future,all,True,False,3,64,0.003,5925,12.0,59.23464608612361,43.85352692236328,65.48643911652755,56.22585380854341,18.638579893560124,0.9505199193954468,39288.0,,,,,
4a1d9ec92d91,2,96,16,25,1,0.1,anchor,raw,past+future,all,True,False,3,64,0.003,5925,12.0,59.9569774874525,45.57347374398286,65.45163389519988,57.47562282298813,17.070205931402565,0.948072910308838,39288.0,,,,,
cc611d33173d,3,96,16,25,1,0.1,anchor,raw,past+future,all,True,False,3,64,0.003,5925,12.0,61.43427979249093,46.83097859342736,64.71698137169629,58.74099353125598,17.99073129650384,0.950256645679474,39288.0,,,,,
f9cd3d5bde69,4,96,16,25,1,0.1,anchor,raw,past+future,all,True,False,3,64,0.003,5925,12.1,59.64897264657486,44.62807897010431,64.14647258260703,57.02241144962628,17.50555712513504,0.9521428346633912,39288.0,,,,,
227a97dd35c1,0,96,16,25,1,0.1,anchor,log,past+future,all+roll,True,False,3,64,0.003,6117,12.0,59.07770547357965,36.92771229990952,45.174247275190055,52.12677501459353,27.80242094856077,0.9446449875831604,39288.0,,,,,
385cf1c7f96d,1,96,16,25,1,0.1,anchor,log,past+future,all+roll,True,False,3,64,0.003,6117,12.0,59.48022622573049,36.87102805963015,45.02447176299778,52.39145937742876,28.16082911008321,0.9486663937568665,39288.0,,,,,
5299bb43e431,2,96,16,25,1,0.1,anchor,log,past+future,all+roll,True,False,3,64,0.003,6117,12.1,57.53126833905901,36.92971746720684,46.6999019751839,51.81999891654993,24.99068924598876,0.9434996247291564,39288.0,,,,,
b17316d6c686,0,96,16,25,1,0.1,anchor,log,past+future,all+diff,True,False,3,64,0.003,6117,12.1,56.097043137180485,37.55404390152648,47.49366707878725,51.43711719608016,22.38529033297096,0.9415552020072936,39288.0,,,,,
3aca8e9dbc15,1,96,16,25,1,0.1,anchor,log,past+future,all+diff,True,False,3,64,0.003,6117,12.1,57.90381481150965,37.445257928887216,46.729561014704686,52.09141591601267,25.285097539669184,0.9486429691314696,39288.0,,,,,
921f3fe3372a,2,96,16,25,1,0.1,anchor,log,past+future,all+diff,True,False,3,64,0.003,6117,12.1,57.15082773023486,37.13880867341626,47.14176689214999,51.31272362442306,25.16389287241855,0.940908432006836,39288.0,,,,,
b0b74f7ca034,0,96,16,25,1,0.1,anchor,log,past+future,all+roll+diff,True,False,3,64,0.003,6309,12.1,55.16930816968329,37.28156030092665,48.06204365934127,50.67972092768411,21.799505742413977,0.9443999528884888,39288.0,,,,,
0fa43bd510cc,1,96,16,25,1,0.1,anchor,log,past+future,all+roll+diff,True,False,3,64,0.003,6309,12.1,58.0642380440578,36.67727188366912,45.52713355990196,51.59526878946394,26.634263237040702,0.9471306204795836,39288.0,,,,,
6bf16ea62719,2,96,16,25,1,0.1,anchor,log,past+future,all+roll+diff,True,False,3,64,0.003,6309,12.1,57.67387805972064,37.28559111462024,46.554152956737646,51.87483774322121,25.204710265384872,0.943844735622406,39288.0,,,,,
9240cec68a7d,0,96,16,25,1,0.1,anchor,log,past+future,all,True,False,10,64,0.003,5925,41.1,59.138486853369294,38.46024250939267,48.1695906816913,52.97911563554178,26.278773445159587,0.9186018705368042,39288.0,1.0,linear,,,
18b48aa5d249,1,96,16,25,1,0.1,anchor,log,past+future,all,True,False,10,64,0.003,5925,40.4,64.4518180143293,39.79212975612699,48.35405645380951,56.54205966397867,30.935939201958952,0.9273428320884703,39288.0,1.0,linear,,,
c27203a98f30,2,96,16,25,1,0.1,anchor,log,past+future,all,True,False,10,64,0.003,5925,40.6,63.51499244028268,39.08023225337445,47.377303622058086,55.55841762810051,30.780131503142364,0.9276899099349976,39288.0,1.0,linear,,,
70671c87e1c8,0,96,16,25,1,0.1,anchor,log,past+future,all,True,False,20,64,0.003,5925,81.1,60.01118671874266,38.114626719363365,47.11137246216239,53.76342423325735,26.66152182653101,0.911165416240692,39288.0,1.0,linear,,,
b16f19454f25,1,96,16,25,1,0.1,anchor,log,past+future,all,True,False,20,64,0.003,5925,81.2,64.86780959444174,40.104029717950645,48.07104977316411,57.19154667269859,30.60979762699004,0.9208984971046448,39288.0,1.0,linear,,,
2f563ce48770,2,96,16,25,1,0.1,anchor,log,past+future,all,True,False,20,64,0.003,5925,81.2,59.7774400356237,39.87662390418823,49.57360066343763,55.4689197822591,22.28320612932287,0.9145219326019288,39288.0,1.0,linear,,,
1203e4e6d970,0,96,32,25,1,0.1,anchor,log,past+future,all,True,False,10,64,0.003,22085,42.5,64.40199922656517,40.57872927710925,49.37941845277016,56.95998451489248,30.05291447500073,0.9179120063781738,39288.0,1.0,linear,,,
b8b52ccce573,1,96,32,25,1,0.1,anchor,log,past+future,all,True,False,10,64,0.003,22085,43.8,69.89541898745908,47.77611066246871,54.35318368356277,64.68257516889784,26.486488346935268,0.9156550765037536,39288.0,1.0,linear,,,
d4f03b72a9f3,2,96,32,25,1,0.1,anchor,log,past+future,all,True,False,10,64,0.003,22085,44.0,63.76360472407242,39.52383094450588,47.68088468183872,56.24908526611387,30.030612616681687,0.9178473353385924,39288.0,1.0,linear,,,
db765a012cb6,0,96,32,25,1,0.1,anchor,log,past+future,all,True,False,20,64,0.003,22085,88.5,65.09415468265924,39.90511537243553,48.180166586317945,57.00230861376072,31.43224119517329,0.9076332449913024,39288.0,1.0,linear,,,
4036fee46155,1,96,32,25,1,0.1,anchor,log,past+future,all,True,False,20,64,0.003,22085,88.6,67.68787925964462,44.01205665202156,51.47190090196664,61.84388179621249,27.5133291886737,0.9078176021575928,39288.0,1.0,linear,,,
309573f5270c,2,96,32,25,1,0.1,anchor,log,past+future,all,True,False,20,64,0.003,22085,88.7,65.24162713262169,40.75588086728158,49.496267311904965,58.07365702802473,29.730796664458744,0.910451591014862,39288.0,1.0,linear,,,
ba96c0bfbeab,0,96,64,25,1,0.1,anchor,log,past+future,all,True,False,10,64,0.003,85125,77.2,57.78325212303785,38.757225708355136,48.51317584923827,53.48992195975068,21.85709209053983,0.9156239628791808,39288.0,1.0,linear,,,
e95021da367c,1,96,64,25,1,0.1,anchor,log,past+future,all,True,False,10,64,0.003,85125,77.1,58.8090635365082,38.16196882381072,47.72443789517739,53.40557699595514,24.62418119999456,0.90531188249588,39288.0,1.0,linear,,,
9e4085fe718b,2,96,64,25,1,0.1,anchor,log,past+future,all,True,False,10,64,0.003,85125,77.1,60.089148494350056,38.84606040315892,48.37346990813194,54.54883402321502,25.20179504487312,0.911956787109375,39288.0,1.0,linear,,,
6b7a56c6ff86,0,96,64,25,1,0.1,anchor,log,past+future,all,True,False,20,64,0.003,85125,154.4,60.57358285965758,40.3019762492833,49.26927023936736,55.67446268138156,23.86447455099851,0.9041524529457092,39288.0,1.0,linear,,,
870dffb966d1,1,96,64,25,1,0.1,anchor,log,past+future,all,True,False,20,64,0.003,85125,154.3,54.8774671066984,37.19575380212044,47.04798605204413,50.85465344044481,20.62378770980297,0.8953366875648499,39288.0,1.0,linear,,,
f1a0aa03781b,2,96,64,25,1,0.1,anchor,log,past+future,all,True,False,20,64,0.003,85125,154.5,61.19712796461467,38.56019884130484,47.541267814642175,55.14021765930176,26.54514772236632,0.8957188725471497,39288.0,1.0,linear,,,
ed01b32727b6,0,96,16,25,1,0.1,anchor,log,past+future,all,True,False,3,64,0.003,8038,16.3,57.9091756176496,38.13142112470869,48.56957126870962,52.18222683567758,25.10951658606101,0.9449944496154784,39288.0,2.0,linear,,,
9f79bdb735eb,1,96,16,25,1,0.1,anchor,log,past+future,all,True,False,3,64,0.003,8038,16.2,56.86943570111432,38.66406335055921,49.97799751592422,52.33960242140248,22.24182401091908,0.938449203968048,39288.0,2.0,linear,,,
cb693efde12e,2,96,16,25,1,0.1,anchor,log,past+future,all,True,False,3,64,0.003,8038,16.2,58.28161431559191,39.23925871103117,49.9343125927612,53.35508418321363,23.45168563309671,0.944677233695984,39288.0,2.0,linear,,,
4450f67a7709,0,96,16,25,1,0.1,anchor,raw,past+future,all,True,False,3,64,0.003,6469,13.4,53.744122672474,39.27775673731835,59.21853415879605,50.81587790680469,17.497922002187977,0.9446708559989928,39288.0,1.0,mlp,,,
cba69991f2e3,0,96,16,25,1,0.1,anchor,log,past+future,all,True,False,3,64,0.003,6469,13.5,53.4016662261904,35.72771102151528,44.992887806910105,49.50216892768309,20.0318053901432,0.9405150413513184,39288.0,1.0,mlp,,,
b4c4aeabe1eb,1,96,16,25,1,0.1,anchor,raw,past+future,all,True,False,3,64,0.003,6469,13.4,53.813145532919954,39.661287981194064,59.07895775184885,51.05203243689721,17.01601058442364,0.9477908611297609,39288.0,1.0,mlp,,,
77f6da2842dd,1,96,16,25,1,0.1,anchor,log,past+future,all,True,False,3,64,0.003,6469,13.4,53.64538917532731,35.783592040654725,45.79337875309129,49.26012708147201,21.24306144814238,0.9405484795570374,39288.0,1.0,mlp,,,
e372dc25461a,2,96,16,25,1,0.1,anchor,raw,past+future,all,True,False,3,64,0.003,6469,13.4,49.19923796068689,36.36865925435426,55.37196976366373,46.99269620697111,14.568854420015883,0.945343554019928,39288.0,1.0,mlp,,,
1e3dc03edc67,2,96,16,25,1,0.1,anchor,log,past+future,all,True,False,3,64,0.003,6469,13.4,51.78994593647427,34.5553033673733,43.80183719392923,47.87357223377227,19.75650732494781,0.9360946416854858,39288.0,1.0,mlp,,,
73cd0bc81d62,3,96,16,25,1,0.1,anchor,raw,past+future,all,True,False,3,64,0.003,6469,13.3,54.30129675941738,39.53864197276156,59.18402818748743,51.18957971819611,18.11788503188933,0.948260486125946,39288.0,1.0,mlp,,,
e3977fca50c5,3,96,16,25,1,0.1,anchor,log,past+future,all,True,False,3,64,0.003,6469,13.4,55.660584522823214,36.05466873936782,44.93216406516632,50.34594276327354,23.735768719372285,0.9411895871162416,39288.0,1.0,mlp,,,
6a0cda0ef69f,4,96,16,25,1,0.1,anchor,raw,past+future,all,True,False,3,64,0.003,6469,13.3,51.9347797037939,38.23181799176439,57.16505130613893,49.2336325979001,16.530903305524248,0.9481996893882751,39288.0,1.0,mlp,,,
18fc27a33eb8,4,96,16,25,1,0.1,anchor,log,past+future,all,True,False,3,64,0.003,6469,13.3,52.11766789421035,34.89679161314961,44.65980102032936,47.828410195634525,20.70493865939545,0.9430580735206604,39288.0,1.0,mlp,,,
5458ef895ff9,0,96,16,25,1,0.1,anchor,raw,past+future,all+roll6+roll24+diff6+diff24,True,False,3,64,0.003,6693,12.9,55.83736293541362,41.77405360904175,65.43481863111823,53.27981474604239,16.705461388674898,0.9486191868782043,39288.0,1.0,linear,,,
ea83245f8960,0,96,16,25,1,0.1,anchor,log,past+future,all+roll6+roll24+diff6+diff24,True,False,3,64,0.003,6693,12.9,55.627744671869,36.3850905353379,45.9980029113102,50.75307513698062,22.77216154471617,0.9397839307785034,39288.0,1.0,linear,,,
774ec3714503,1,96,16,25,1,0.1,anchor,raw,past+future,all+roll6+roll24+diff6+diff24,True,False,3,64,0.003,6693,12.9,55.35344756338469,39.742225671422425,64.36258030274118,52.03671053935636,18.87286182314744,0.9489187598228456,39288.0,1.0,linear,,,
cc8ec6438905,1,96,16,25,1,0.1,anchor,log,past+future,all+roll6+roll24+diff6+diff24,True,False,3,64,0.003,6693,13.0,54.48533178996674,35.6321098300384,45.80256405332717,49.28711591857816,23.225666506935816,0.9419107437133788,39288.0,1.0,linear,,,
d8621c10c307,2,96,16,25,1,0.1,anchor,raw,past+future,all+roll6+roll24+diff6+diff24,True,False,3,64,0.003,6693,12.9,56.68038658575615,42.410543282237214,65.31296095472707,54.5235022222796,15.487218243694931,0.9449600577354432,39288.0,1.0,linear,,,
479fe669792f,2,96,16,25,1,0.1,anchor,log,past+future,all+roll6+roll24+diff6+diff24,True,False,3,64,0.003,6693,12.9,56.19101820393278,36.25763537085341,44.846980820931854,51.19571944111441,23.160933437610105,0.9425590634346008,39288.0,1.0,linear,,,
aaf3999c1715,3,96,16,25,1,0.1,anchor,raw,past+future,all+roll6+roll24+diff6+diff24,True,False,3,64,0.003,6693,12.9,55.105056458686406,40.122875611610965,63.07843469599933,52.16798838111392,17.750161564982402,0.9467968940734864,39288.0,1.0,linear,,,
8feb204537fd,3,96,16,25,1,0.1,anchor,log,past+future,all+roll6+roll24+diff6+diff24,True,False,3,64,0.003,6693,12.8,56.81595756925045,35.98643805722644,44.98625556062857,51.06179329127611,24.914780761424684,0.9415196776390076,39288.0,1.0,linear,,,
3c3402e36929,4,96,16,25,1,0.1,anchor,raw,past+future,all+roll6+roll24+diff6+diff24,True,False,3,64,0.003,6693,12.9,56.62812404908812,41.822609297603215,66.08864562060404,53.81663552930995,17.621412361792274,0.9511343240737916,39288.0,1.0,linear,,,
61d2b54e9b4d,4,96,16,25,1,0.1,anchor,log,past+future,all+roll6+roll24+diff6+diff24,True,False,3,64,0.003,6693,12.9,55.275240414792464,35.64414273561437,43.931717390982406,50.29483967499239,22.92992160867364,0.9439021944999696,39288.0,1.0,linear,,,
bd411f95e876,0,96,16,25,1,0.1,anchor,raw,past+future,all+roll6+roll24+diff6+diff24,True,False,3,64,0.003,7237,13.0,49.20275249624703,36.60376177922802,57.931029783314926,47.39095122672452,13.229081413052146,0.943255603313446,39288.0,1.0,mlp,1.0,2.0,
29af9b8d1da7,0,96,16,25,1,0.1,anchor,log,past+future,all+roll6+roll24+diff6+diff24,True,False,3,64,0.003,7237,12.6,48.17872062166976,33.04003341825327,42.4337145639715,45.727914381979936,15.170595473323369,0.937790036201477,39288.0,1.0,mlp,1.0,2.0,
fff15fca5a3a,1,96,16,25,1,0.1,anchor,raw,past+future,all+roll6+roll24+diff6+diff24,True,False,3,64,0.003,7237,12.6,49.63444032858925,36.3443616779085,55.69222753594951,47.31913641893311,14.982556367278791,0.9477599263191224,39288.0,1.0,mlp,1.0,2.0,
f780406dd231,1,96,16,25,1,0.1,anchor,log,past+future,all+roll6+roll24+diff6+diff24,True,False,3,64,0.003,7237,12.6,47.84933133990192,32.31768752631482,41.58005895282408,45.02572915129584,16.19389465415494,0.947256088256836,39288.0,1.0,mlp,1.0,2.0,
8e68554eae9b,2,96,16,25,1,0.1,anchor,raw,past+future,all+roll6+roll24+diff6+diff24,True,False,3,64,0.003,7237,12.6,50.35765853744157,36.96166690580564,55.54466865952067,48.15360620870295,14.735127500999992,0.9435724020004272,39288.0,1.0,mlp,1.0,2.0,
f686f91f9acb,2,96,16,25,1,0.1,anchor,log,past+future,all+roll6+roll24+diff6+diff24,True,False,3,64,0.003,7237,12.6,49.861397107803846,33.7743104500941,42.649479636181454,46.75139574520224,17.33395273495335,0.9415953755378724,39288.0,1.0,mlp,1.0,2.0,
1ccdb7cebefd,3,96,16,25,1,0.1,anchor,raw,past+future,all+roll6+roll24+diff6+diff24,True,False,3,64,0.003,7237,12.7,48.73352406486615,36.35319577490255,56.414114965622645,47.05627589202575,12.675301454184176,0.946997046470642,39288.0,1.0,mlp,1.0,2.0,
db73bc6a1804,3,96,16,25,1,0.1,anchor,log,past+future,all+roll6+roll24+diff6+diff24,True,False,3,64,0.003,7237,12.7,49.62450376542533,33.3293670213806,42.11892734253019,46.45254848763811,17.45715076890682,0.9427129626274108,39288.0,1.0,mlp,1.0,2.0,
03922e907630,4,96,16,25,1,0.1,anchor,raw,past+future,all+roll6+roll24+diff6+diff24,True,False,3,64,0.003,7237,12.6,51.61990928190811,37.769902719140205,56.6213932956487,48.75860858681867,16.947363303766014,0.9454489946365356,39288.0,1.0,mlp,1.0,2.0,
6d90f79f6363,4,96,16,25,1,0.1,anchor,log,past+future,all+roll6+roll24+diff6+diff24,True,False,3,64,0.003,7237,12.6,47.610036466764775,32.23338613710149,41.43815138650446,44.94580335692597,15.703194992332389,0.9389573335647584,39288.0,1.0,mlp,1.0,2.0,
121690d9c8e1,0,96,16,25,1,0.1,anchor,raw,past+future,all+roll6+roll24+diff6+diff24,True,False,3,64,0.003,8933,12.6,48.36235531597053,36.27714962342041,56.67288096360499,46.49698893331309,13.302158916639971,0.9471683502197266,39288.0,1.0,mlp,2.0,2.0,
0a486fc58908,0,96,16,25,1,0.1,anchor,log,past+future,all+roll6+roll24+diff6+diff24,True,False,3,64,0.003,8933,12.6,47.30610088321836,32.45170768384708,41.86929724561277,44.86029148424083,15.014041052367702,0.9405650496482848,39288.0,1.0,mlp,2.0,2.0,
dfbc35bc1990,1,96,16,25,1,0.1,anchor,raw,past+future,all+roll6+roll24+diff6+diff24,True,False,3,64,0.003,8933,12.6,51.30351612954261,37.12874363890376,57.76183669238976,48.72305800560077,16.065938685215418,0.942361056804657,39288.0,1.0,mlp,2.0,2.0,
5979a23545a7,1,96,16,25,1,0.1,anchor,log,past+future,all+roll6+roll24+diff6+diff24,True,False,3,64,0.003,8933,12.6,47.92192984765829,32.867848818173584,42.27162475068998,45.102257480567445,16.19560837018729,0.9369670748710632,39288.0,1.0,mlp,2.0,2.0,
bc8c8930cc43,2,96,16,25,1,0.1,anchor,raw,past+future,all+roll6+roll24+diff6+diff24,True,False,3,64,0.003,8933,12.6,49.78135622006611,36.50822620098804,55.67870372173569,46.97057388961412,16.49086461012324,0.93677419424057,39288.0,1.0,mlp,2.0,2.0,
b91887f0d0fb,2,96,16,25,1,0.1,anchor,log,past+future,all+roll6+roll24+diff6+diff24,True,False,3,64,0.003,8933,12.6,51.80603023787932,33.765171512231035,42.17270175160291,47.61277683710769,20.4178414840513,0.9352794289588928,39288.0,1.0,mlp,2.0,2.0,
577ea56c03c4,3,96,16,25,1,0.1,anchor,raw,past+future,all+roll6+roll24+diff6+diff24,True,False,3,64,0.003,8933,12.7,48.93096247753662,35.74531676168057,56.99564101688655,46.72746110379349,14.518383786481277,0.940564215183258,39288.0,1.0,mlp,2.0,2.0,
8c4bbdd8cc69,3,96,16,25,1,0.1,anchor,log,past+future,all+roll6+roll24+diff6+diff24,True,False,3,64,0.003,8933,12.6,45.11874049933032,30.919624627182937,40.29089390618309,42.70780699590755,14.551424873400554,0.9392330646514891,39288.0,1.0,mlp,2.0,2.0,
d168f40b7536,4,96,16,25,1,0.1,anchor,raw,past+future,all+roll6+roll24+diff6+diff24,True,False,3,64,0.003,8933,12.6,51.70893821531797,38.22800317648566,58.76705648228675,49.00831456562875,16.492404154396407,0.938867688179016,39288.0,1.0,mlp,2.0,2.0,
0bbeefb76830,4,96,16,25,1,0.1,anchor,log,past+future,all+roll6+roll24+diff6+diff24,True,False,3,64,0.003,8933,12.6,47.53152049033629,32.029306813958335,41.23167945649321,44.38815397199697,16.99815363742629,0.9304388761520386,39288.0,1.0,mlp,2.0,2.0,
363f8137c6c7,0,96,16,25,1,0.1,anchor,raw,past+future,all+roll6+roll24+diff6+diff24,True,False,3,64,0.003,12325,12.6,48.25706937777894,35.98804589526079,57.82381174505794,46.41152979870345,13.217966813236862,0.9385141134262084,39288.0,1.0,mlp,4.0,2.0,
2a8872b0da2b,0,96,16,25,1,0.1,anchor,log,past+future,all+roll6+roll24+diff6+diff24,True,False,3,64,0.003,12325,12.7,49.37428648472151,32.66403386193546,40.92354498116445,45.81621290724731,18.403662698309205,0.9315255284309388,39288.0,1.0,mlp,4.0,2.0,
77134f65fb60,1,96,16,25,1,0.1,anchor,raw,past+future,all+roll6+roll24+diff6+diff24,True,False,3,64,0.003,12325,12.6,50.231088707165085,37.20923892558592,61.81491590221688,48.15835112377933,14.28059836792104,0.9421173334121704,39288.0,1.0,mlp,4.0,2.0,
4ecc7059c170,1,96,16,25,1,0.1,anchor,log,past+future,all+roll6+roll24+diff6+diff24,True,False,3,64,0.003,12325,12.7,49.04110377050022,33.65902717471886,43.02089651567668,46.28875637870522,16.19817557448514,0.9319469332695008,39288.0,1.0,mlp,4.0,2.0,
42b104eb0d50,2,96,16,25,1,0.1,anchor,raw,past+future,all+roll6+roll24+diff6+diff24,True,False,3,64,0.003,12325,12.6,49.05000988111187,36.73153018967001,59.13190328949847,47.44886953915859,12.430134705347312,0.9465519189834596,39288.0,1.0,mlp,4.0,2.0,
1330d187b18a,2,96,16,25,1,0.1,anchor,log,past+future,all+roll6+roll24+diff6+diff24,True,False,3,64,0.003,12325,12.6,47.48046628014286,32.29687654240895,40.851988630154274,44.97792736381748,15.211204036332637,0.9428258538246156,39288.0,1.0,mlp,4.0,2.0,
71d05e4b2cfb,3,96,16,25,1,0.1,anchor,raw,past+future,all+roll6+roll24+diff6+diff24,True,False,3,64,0.003,12325,12.7,48.59750670392759,35.50761902563873,57.69548574104408,46.46872756419902,14.225857316961132,0.9402537941932678,39288.0,1.0,mlp,4.0,2.0,
1b20d4e9202c,3,96,16,25,1,0.1,anchor,log,past+future,all+roll6+roll24+diff6+diff24,True,False,3,64,0.003,12325,12.7,48.12137116777992,32.89752483608145,41.60116755578466,45.75777735218981,14.896045611324675,0.936923623085022,39288.0,1.0,mlp,4.0,2.0,
59017c5bfc11,4,96,16,25,1,0.1,anchor,raw,past+future,all+roll6+roll24+diff6+diff24,True,False,3,64,0.003,12325,12.6,52.504494919792585,37.809495775842535,56.88633815449625,49.39647163304251,17.796364150818903,0.9433807730674744,39288.0,1.0,mlp,4.0,2.0,
b26cc3e4a5ee,4,96,16,25,1,0.1,anchor,log,past+future,all+roll6+roll24+diff6+diff24,True,False,3,64,0.003,12325,12.7,49.662696935939856,33.602893733382736,42.1271540982707,46.71262407591648,16.86161969957568,0.9344026446342468,39288.0,1.0,mlp,4.0,2.0,
9043e25a61f4,0,96,16,25,1,0.1,anchor,raw,past+future,all+roll6+roll24+diff6+diff24,True,False,3,64,0.003,11045,13.0,51.50097071506677,37.78578857900504,56.533473494304985,49.14610680822255,15.395134627178397,0.9351696372032166,39288.0,1.0,mlp,2.0,3.0,
5713cc03e7b0,0,96,16,25,1,0.1,anchor,log,past+future,all+roll6+roll24+diff6+diff24,True,False,3,64,0.003,11045,13.0,53.11674121815111,35.53108559332583,43.55776573189754,49.85861948004078,18.31682999813373,0.933968186378479,39288.0,1.0,mlp,2.0,3.0,
f6aebc2a7a46,1,96,16,25,1,0.1,anchor,raw,past+future,all+roll6+roll24+diff6+diff24,True,False,3,64,0.003,11045,12.9,51.499370374533086,37.53849687175478,56.309997185707815,49.33702673098642,14.766277199052809,0.9314934611320496,39288.0,1.0,mlp,2.0,3.0,
7cde51e210c9,1,96,16,25,1,0.1,anchor,log,past+future,all+roll6+roll24+diff6+diff24,True,False,3,64,0.003,11045,12.9,51.943345140899446,34.54038420312433,42.613764861188834,48.41743428835391,18.811250924899504,0.9317641854286194,39288.0,1.0,mlp,2.0,3.0,
506b138bd1e8,2,96,16,25,1,0.1,anchor,raw,past+future,all+roll6+roll24+diff6+diff24,True,False,3,64,0.003,11045,13.0,57.30765128499451,41.56676452644717,60.098703610106085,54.56851151146895,17.505554753426573,0.9335401654243468,39288.0,1.0,mlp,2.0,3.0,
5d35546bda2f,2,96,16,25,1,0.1,anchor,log,past+future,all+roll6+roll24+diff6+diff24,True,False,3,64,0.003,11045,13.0,58.20917939921812,38.02107504607596,45.38729403673197,53.41602005147367,23.13087478222392,0.9337772130966188,39288.0,1.0,mlp,2.0,3.0,
6c87ff0f2220,3,96,16,25,1,0.1,anchor,raw,past+future,all+roll6+roll24+diff6+diff24,True,False,3,64,0.003,11045,12.9,55.68492288434848,40.67629602509706,57.83698454747116,53.12209625910389,16.69890791861358,0.9376407861709596,39288.0,1.0,mlp,2.0,3.0,
5ea8ad506ba8,3,96,16,25,1,0.1,anchor,log,past+future,all+roll6+roll24+diff6+diff24,True,False,3,64,0.003,11045,12.9,49.436953788489134,32.609448912566975,41.33336130073253,46.21934132435451,17.543799116155707,0.9391157031059264,39288.0,1.0,mlp,2.0,3.0,
7479b204e3b5,4,96,16,25,1,0.1,anchor,raw,past+future,all+roll6+roll24+diff6+diff24,True,False,3,64,0.003,11045,12.9,56.275333933946406,40.39356942808795,55.23459878521779,53.17956159281928,18.40780916276356,0.9395577907562256,39288.0,1.0,mlp,2.0,3.0,
41655a6536e6,4,96,16,25,1,0.1,anchor,log,past+future,all+roll6+roll24+diff6+diff24,True,False,3,64,0.003,11045,13.0,52.37337956253672,34.914744269675865,42.980557262797525,48.84306602771819,18.903062921481823,0.9391669034957886,39288.0,1.0,mlp,2.0,3.0,
b4155cb5ab89,0,96,16,25,1,0.1,anchor,raw,past+future,all+roll6+roll24+diff6+diff24,True,False,2,64,0.003,8933,8.4,49.88247040512027,37.19070171985851,56.37364636779911,47.93570690882691,13.79959625745424,0.9532095193862916,39288.0,1.0,mlp,2.0,2.0,
cb1d602272f8,0,96,16,25,1,0.1,anchor,log,past+future,all+roll6+roll24+diff6+diff24,True,False,2,64,0.003,8933,8.4,47.52807887669557,32.590113780533564,41.8322800392945,45.09924391379217,14.999215983299791,0.9500454664230348,39288.0,1.0,mlp,2.0,2.0,
51244281cff5,1,96,16,25,1,0.1,anchor,raw,past+future,all+roll6+roll24+diff6+diff24,True,False,2,64,0.003,8933,8.4,47.813853605514375,35.65851448007534,55.85868645077521,46.27718885451251,12.02440802423734,0.955025315284729,39288.0,1.0,mlp,2.0,2.0,
7ec115ae5af6,1,96,16,25,1,0.1,anchor,log,past+future,all+roll6+roll24+diff6+diff24,True,False,2,64,0.003,8933,8.4,48.74800528689338,32.96468681419442,42.156225579883376,45.58494048976213,17.27371471328128,0.9485316276550292,39288.0,1.0,mlp,2.0,2.0,
8dd951e80539,2,96,16,25,1,0.1,anchor,raw,past+future,all+roll6+roll24+diff6+diff24,True,False,2,64,0.003,8933,8.5,47.75808651733878,36.02951548969339,56.73833089889669,46.04336485524962,12.682404369991527,0.9498720765113832,39288.0,1.0,mlp,2.0,2.0,
eef0685ce547,2,96,16,25,1,0.1,anchor,log,past+future,all+roll6+roll24+diff6+diff24,True,False,2,64,0.003,8933,8.4,48.70973758803843,32.43826609103106,40.70037055480692,45.59010973348102,17.15168884934432,0.9467010498046876,39288.0,1.0,mlp,2.0,2.0,
c558fc027c8c,3,96,16,25,1,0.1,anchor,raw,past+future,all+roll6+roll24+diff6+diff24,True,False,2,64,0.003,8933,8.4,49.55632083502872,37.22320840115937,58.49293770122049,47.84816075978008,12.898931994957657,0.95231831073761,39288.0,1.0,mlp,2.0,2.0,
b56852e15c27,3,96,16,25,1,0.1,anchor,log,past+future,all+roll6+roll24+diff6+diff24,True,False,2,64,0.003,8933,8.4,46.77475089224379,31.49391109083575,40.7947655794389,43.93948041200281,16.037436894799686,0.9490451216697692,39288.0,1.0,mlp,2.0,2.0,
4ef6530c28a3,4,96,16,25,1,0.1,anchor,raw,past+future,all+roll6+roll24+diff6+diff24,True,False,2,64,0.003,8933,8.4,51.60927193466523,37.77169022022003,57.19579955028075,48.75748609075272,16.91817069710196,0.9488572478294371,39288.0,1.0,mlp,2.0,2.0,
397ee0270553,4,96,16,25,1,0.1,anchor,log,past+future,all+roll6+roll24+diff6+diff24,True,False,2,64,0.003,8933,8.4,47.12027726600081,32.16355363904007,41.67308977708539,44.30981438309658,16.029999343740485,0.9440041780471802,39288.0,1.0,mlp,2.0,2.0,
a04455734fb3,0,96,16,25,1,0.1,anchor,raw,past+future,all+roll6+roll24+diff6+diff24,True,False,4,64,0.003,8933,16.9,48.066525512032605,35.80479972302312,55.99238100130688,46.17564756417786,13.349174012938663,0.9371047019958496,39288.0,1.0,mlp,2.0,2.0,
af063cbe61b4,0,96,16,25,1,0.1,anchor,log,past+future,all+roll6+roll24+diff6+diff24,True,False,4,64,0.003,8933,16.9,50.37949371184423,34.302889710034464,43.26955125926257,47.43073214287847,16.982904199584606,0.9281846284866332,39288.0,1.0,mlp,2.0,2.0,
bc90ac994065,1,96,16,25,1,0.1,anchor,raw,past+future,all+roll6+roll24+diff6+diff24,True,False,4,64,0.003,8933,16.8,51.53275728435524,37.14695659556781,56.09489154678027,48.66188164855891,16.960139968464684,0.9296115040779114,39288.0,1.0,mlp,2.0,2.0,
9829c7200d1f,1,96,16,25,1,0.1,anchor,log,past+future,all+roll6+roll24+diff6+diff24,True,False,4,64,0.003,8933,16.8,50.183078170109056,34.35805254868878,43.70121178777679,47.19726204940719,17.051679966116623,0.9260191321372986,39288.0,1.0,mlp,2.0,2.0,
ef45a492960e,2,96,16,25,1,0.1,anchor,raw,past+future,all+roll6+roll24+diff6+diff24,True,False,4,64,0.003,8933,16.9,48.16827179342295,36.04266699903421,56.5381785167229,46.31789786774981,13.222509015983436,0.930877685546875,39288.0,1.0,mlp,2.0,2.0,
e4c7a527a9cf,2,96,16,25,1,0.1,anchor,log,past+future,all+roll6+roll24+diff6+diff24,True,False,4,64,0.003,8933,16.8,49.26888748411024,32.87642837037803,42.15649479795307,46.09315257083516,17.402429715520366,0.92497318983078,39288.0,1.0,mlp,2.0,2.0,
0d5a9da52fed,3,96,16,25,1,0.1,anchor,raw,past+future,all+roll6+roll24+diff6+diff24,True,False,4,64,0.003,8933,16.8,48.64709373683819,36.09095474812295,58.34993542610908,46.77125738153675,13.37868498735079,0.9294822812080384,39288.0,1.0,mlp,2.0,2.0,
4f2fda1cbdea,3,96,16,25,1,0.1,anchor,log,past+future,all+roll6+roll24+diff6+diff24,True,False,4,64,0.003,8933,16.9,46.28077616185662,31.70335101732073,41.060572510299984,43.76084965953613,15.06314307239206,0.9285677075386048,39288.0,1.0,mlp,2.0,2.0,
3f1d2cb1949d,4,96,16,25,1,0.1,anchor,raw,past+future,all+roll6+roll24+diff6+diff24,True,False,4,64,0.003,8933,16.9,49.41778783909542,36.42661498615845,58.49039702180466,47.26546686597669,14.425442691685683,0.924251675605774,39288.0,1.0,mlp,2.0,2.0,
b356ac46c179,4,96,16,25,1,0.1,anchor,log,past+future,all+roll6+roll24+diff6+diff24,True,False,4,64,0.003,8933,16.8,49.29720680425431,33.51182311340885,42.34765377298662,46.5028984978876,16.3613883884156,0.9169952273368835,39288.0,1.0,mlp,2.0,2.0,
caef92a6b159,0,96,16,25,1,0.1,anchor,raw,past+future,all+roll6+roll24+diff6+diff24,True,False,6,64,0.003,8933,25.3,51.59798068416665,38.08917149796919,58.21132061545112,49.08858065930101,15.89537226801982,0.9112417101860046,39288.0,1.0,mlp,2.0,2.0,
7f4cc57c4f20,0,96,16,25,1,0.1,anchor,log,past+future,all+roll6+roll24+diff6+diff24,True,False,6,64,0.003,8933,25.3,54.35867712899397,34.30991594351894,41.92389020798205,48.84626419990214,23.85179768754486,0.9045004844665528,39288.0,1.0,mlp,2.0,2.0,
71817a4d7891,1,96,16,25,1,0.1,anchor,raw,past+future,all+roll6+roll24+diff6+diff24,True,False,6,64,0.003,8933,25.4,51.096820165844186,37.650681399550095,57.4122151411415,48.92833912169743,14.72761562007899,0.9083683490753174,39288.0,1.0,mlp,2.0,2.0,
52669ede0e37,1,96,16,25,1,0.1,anchor,log,past+future,all+roll6+roll24+diff6+diff24,True,False,6,64,0.003,8933,25.3,51.60785015398864,34.56998502369183,43.20084749504344,47.81019767766307,19.430779591651103,0.8988412022590637,39288.0,1.0,mlp,2.0,2.0,
c2e72b3ea1f1,2,96,16,25,1,0.1,anchor,raw,past+future,all+roll6+roll24+diff6+diff24,True,False,6,64,0.003,8933,25.4,52.23638430026188,38.175023187048346,58.19529812078563,49.49147691512756,16.710282987551178,0.9086227416992188,39288.0,1.0,mlp,2.0,2.0,
523e6027a451,2,96,16,25,1,0.1,anchor,log,past+future,all+roll6+roll24+diff6+diff24,True,False,6,64,0.003,8933,25.4,50.53438803544972,34.49885983458432,44.12392037965003,47.720790208056286,16.626802339478385,0.8952443599700928,39288.0,1.0,mlp,2.0,2.0,
62a5a9573cf7,3,96,16,25,1,0.1,anchor,raw,past+future,all+roll6+roll24+diff6+diff24,True,False,6,64,0.003,8933,25.3,54.9793949976424,40.02345248117296,60.13518113126165,52.04695730154385,17.715758802773777,0.9065517783164978,39288.0,1.0,mlp,2.0,2.0,
41ca9e8edad1,3,96,16,25,1,0.1,anchor,log,past+future,all+roll6+roll24+diff6+diff24,True,False,6,64,0.003,8933,25.4,49.84792606700724,33.63690411976592,42.00274852260243,46.94899432882642,16.751348145556623,0.9002935886383057,39288.0,1.0,mlp,2.0,2.0,
b06d39f22e19,4,96,16,25,1,0.1,anchor,raw,past+future,all+roll6+roll24+diff6+diff24,True,False,6,64,0.003,8933,25.3,51.79782086933741,37.54047380968858,60.81444815174528,48.59535125309328,17.930590715323692,0.8999386429786682,39288.0,1.0,mlp,2.0,2.0,
ce75902a95c1,4,96,16,25,1,0.1,anchor,log,past+future,all+roll6+roll24+diff6+diff24,True,False,6,64,0.003,8933,25.3,50.79043573641466,34.14514432426644,42.17598261481094,47.3423151709125,18.39493290427708,0.8935666680335999,39288.0,1.0,mlp,2.0,2.0,
299de99577f3,0,96,16,25,1,0.1,anchor,raw,past+future,all+roll6+roll24+diff6+diff24+roll3+roll12+diff3+diff12,True,False,4,64,0.003,10469,16.8,50.42742030683395,37.8190639326536,58.48652571231673,48.5226153306254,13.728820789792794,0.9267056584358216,39288.0,1.0,mlp,2.0,2.0,
a9e467704d27,0,96,16,25,1,0.1,anchor,log,past+future,all+roll6+roll24+diff6+diff24+roll3+roll12+diff3+diff12,True,False,4,64,0.003,10469,16.5,51.87168922986403,34.90920424457897,43.52966444273058,48.57160644077876,18.20635030207021,0.9271958470344543,39288.0,1.0,mlp,2.0,2.0,
52a960f717db,1,96,16,25,1,0.1,anchor,raw,past+future,all+roll6+roll24+diff6+diff24+roll3+roll12+diff3+diff12,True,False,4,64,0.003,10469,16.4,52.489785691914406,38.4477342658976,58.820771293400256,49.833319264112696,16.4869006518544,0.9329306483268738,39288.0,1.0,mlp,2.0,2.0,
ef761fc9a4db,1,96,16,25,1,0.1,anchor,log,past+future,all+roll6+roll24+diff6+diff24+roll3+roll12+diff3+diff12,True,False,4,64,0.003,10469,16.4,47.669090989684285,32.80183436614568,42.25764796279741,45.448777617181385,14.37883336320412,0.923353672027588,39288.0,1.0,mlp,2.0,2.0,
872ea611ffc1,2,96,16,25,1,0.1,anchor,raw,past+future,all+roll6+roll24+diff6+diff24+roll3+roll12+diff3+diff12,True,False,4,64,0.003,10469,16.4,50.4685668987805,36.82972768700099,57.44321177529413,48.00751864294882,15.56773582007367,0.9281545877456664,39288.0,1.0,mlp,2.0,2.0,
1d19d55b86c8,2,96,16,25,1,0.1,anchor,log,past+future,all+roll6+roll24+diff6+diff24+roll3+roll12+diff3+diff12,True,False,4,64,0.003,10469,16.5,48.72011584080329,32.38866408520152,41.16295047011774,45.43432696499645,17.58896303876633,0.9190315008163452,39288.0,1.0,mlp,2.0,2.0,
e2558862cd1f,3,96,16,25,1,0.1,anchor,raw,past+future,all+roll6+roll24+diff6+diff24+roll3+roll12+diff3+diff12,True,False,4,64,0.003,10469,16.4,49.963790338691744,36.35087763913857,59.52328989539104,47.40823432937596,15.774652540697216,0.9281924366950988,39288.0,1.0,mlp,2.0,2.0,
2f49ab0264ec,3,96,16,25,1,0.1,anchor,log,past+future,all+roll6+roll24+diff6+diff24+roll3+roll12+diff3+diff12,True,False,4,64,0.003,10469,16.4,51.09458835890031,34.27277357775085,42.872225308994295,47.86733118957312,17.87108179023285,0.9282072186470032,39288.0,1.0,mlp,2.0,2.0,
0bc6a912b58f,4,96,16,25,1,0.1,anchor,raw,past+future,all+roll6+roll24+diff6+diff24+roll3+roll12+diff3+diff12,True,False,4,64,0.003,10469,16.5,51.35070951666128,37.451641384820746,58.5919547362842,48.887656363665286,15.712810796694011,0.9239318370819092,39288.0,1.0,mlp,2.0,2.0,
c99aa31d9db6,4,96,16,25,1,0.1,anchor,log,past+future,all+roll6+roll24+diff6+diff24+roll3+roll12+diff3+diff12,True,False,4,64,0.003,10469,16.5,52.65773262309232,35.17196238657564,43.28616866904824,49.40961124922895,18.207886236604992,0.9271112084388732,39288.0,1.0,mlp,2.0,2.0,
4460d343b4cb,0,96,16,25,1,0.1,anchor,raw,past+future,all+roll6+roll24+diff6+diff24+roll48+diff48,True,False,4,64,0.003,9701,16.5,51.42802300282281,37.94391481561977,57.183705770917626,49.04648679823857,15.468797067939136,0.9298737645149232,39288.0,1.0,mlp,2.0,2.0,
d1cd9f4ad63a,0,96,16,25,1,0.1,anchor,log,past+future,all+roll6+roll24+diff6+diff24+roll48+diff48,True,False,4,64,0.003,9701,16.5,47.21726859858624,32.46933722971689,41.656376043633024,44.77075287527661,15.0016712699602,0.9228578209877014,39288.0,1.0,mlp,2.0,2.0,
07d7b79c63cd,1,96,16,25,1,0.1,anchor,raw,past+future,all+roll6+roll24+diff6+diff24+roll48+diff48,True,False,4,64,0.003,9701,16.5,52.49809247398025,37.17406040387223,58.847481993066175,48.803954740901126,19.34486275615976,0.9313515424728394,39288.0,1.0,mlp,2.0,2.0,
5adfccd958c1,1,96,16,25,1,0.1,anchor,log,past+future,all+roll6+roll24+diff6+diff24+roll48+diff48,True,False,4,64,0.003,9701,16.5,47.87723049411141,33.002333104080385,42.011434488735766,45.480102983451495,14.959593323380084,0.9230893850326538,39288.0,1.0,mlp,2.0,2.0,
ef5d52e3ba49,2,96,16,25,1,0.1,anchor,raw,past+future,all+roll6+roll24+diff6+diff24+roll48+diff48,True,False,4,64,0.003,9701,16.5,47.92404947839607,35.611945661947566,55.82695626028492,46.297180245385455,12.380856987060533,0.9297793507575988,39288.0,1.0,mlp,2.0,2.0,
17772258f799,2,96,16,25,1,0.1,anchor,log,past+future,all+roll6+roll24+diff6+diff24+roll48+diff48,True,False,4,64,0.003,9701,16.5,49.5306094326258,33.35510572433949,41.32681971644244,46.33478611823482,17.50339584608524,0.928135335445404,39288.0,1.0,mlp,2.0,2.0,
d3a310789f6c,3,96,16,25,1,0.1,anchor,raw,past+future,all+roll6+roll24+diff6+diff24+roll48+diff48,True,False,4,64,0.003,9701,16.5,50.11678699957534,35.97903722439112,56.20306956436143,47.78062734556445,15.122962329685995,0.9328296780586244,39288.0,1.0,mlp,2.0,2.0,
502b7b9c4858,3,96,16,25,1,0.1,anchor,log,past+future,all+roll6+roll24+diff6+diff24+roll48+diff48,True,False,4,64,0.003,9701,16.5,46.31788556961673,32.11515228580981,41.35132569343541,44.55872419923944,12.643837288427257,0.9212291836738586,39288.0,1.0,mlp,2.0,2.0,
af96ab42c17d,4,96,16,25,1,0.1,anchor,raw,past+future,all+roll6+roll24+diff6+diff24+roll48+diff48,True,False,4,64,0.003,9701,16.5,52.39877685136388,37.32914824914568,57.29146387801005,49.30786085951374,17.730388404596773,0.9240884780883788,39288.0,1.0,mlp,2.0,2.0,
2f33159f619c,4,96,16,25,1,0.1,anchor,log,past+future,all+roll6+roll24+diff6+diff24+roll48+diff48,True,False,4,64,0.003,9701,16.5,50.79656111677728,34.1270504894897,42.18028225249661,47.93012767436744,16.822410124869936,0.9209867715835572,39288.0,1.0,mlp,2.0,2.0,
01d5d30d749f,0,96,16,25,1,0.1,anchor,raw,past+future,all+roll6+roll24+diff6+diff24+std24+min24+max24,True,False,4,64,0.003,10085,16.5,49.22341257500678,35.657348608301106,56.66744966696802,46.73181264985117,15.462277710238755,0.9235370755195618,39288.0,1.0,mlp,2.0,2.0,
3a615bf5d02c,0,96,16,25,1,0.1,anchor,log,past+future,all+roll6+roll24+diff6+diff24+std24+min24+max24,True,False,4,64,0.003,10085,16.5,50.6111497719922,33.961410026288405,42.31577597575132,47.38004337728032,17.793818331377395,0.9187586307525636,39288.0,1.0,mlp,2.0,2.0,
d3e2db39fbf5,1,96,16,25,1,0.1,anchor,raw,past+future,all+roll6+roll24+diff6+diff24+std24+min24+max24,True,False,4,64,0.003,10085,16.4,48.64553144913631,35.18630429054211,57.18762698333584,45.99398151218628,15.841129840563031,0.929173707962036,39288.0,1.0,mlp,2.0,2.0,
057761358d37,1,96,16,25,1,0.1,anchor,log,past+future,all+roll6+roll24+diff6+diff24+std24+min24+max24,True,False,4,64,0.003,10085,16.4,52.69419880911481,34.39046032239859,42.2274623650162,48.41441541267261,20.801994336690072,0.9238024950027466,39288.0,1.0,mlp,2.0,2.0,
28b1ba5da796,2,96,16,25,1,0.1,anchor,raw,past+future,all+roll6+roll24+diff6+diff24+std24+min24+max24,True,False,4,64,0.003,10085,16.4,46.85276955148803,35.11097259075962,58.86998613998229,45.270943653111416,12.07160616494983,0.9360320568084716,39288.0,1.0,mlp,2.0,2.0,
08a30b664023,2,96,16,25,1,0.1,anchor,log,past+future,all+roll6+roll24+diff6+diff24+std24+min24+max24,True,False,4,64,0.003,10085,16.5,45.98877145414702,31.30806640534845,40.622232196340406,43.34733910413647,15.36148731252184,0.9309993982315063,39288.0,1.0,mlp,2.0,2.0,
4cb4f61436ae,3,96,16,25,1,0.1,anchor,raw,past+future,all+roll6+roll24+diff6+diff24+std24+min24+max24,True,False,4,64,0.003,10085,16.4,50.660253947152185,37.932484222676806,60.01102124866951,48.56550122869937,14.41712247278038,0.9361671209335328,39288.0,1.0,mlp,2.0,2.0,
a3176d9cb27c,3,96,16,25,1,0.1,anchor,log,past+future,all+roll6+roll24+diff6+diff24+std24+min24+max24,True,False,4,64,0.003,10085,16.5,51.06965173107078,34.641850092966,43.25965347995482,47.77320299843452,18.0507729253688,0.9303905963897704,39288.0,1.0,mlp,2.0,2.0,
f1e6609c0afc,4,96,16,25,1,0.1,anchor,raw,past+future,all+roll6+roll24+diff6+diff24+std24+min24+max24,True,False,4,64,0.003,10085,16.5,49.710949857337965,36.83302663130597,56.07802017642952,47.69955006377239,13.99755190854606,0.928870677947998,39288.0,1.0,mlp,2.0,2.0,
137adbea2df8,4,96,16,25,1,0.1,anchor,log,past+future,all+roll6+roll24+diff6+diff24+std24+min24+max24,True,False,4,64,0.003,10085,16.5,53.178780801720514,35.68427551045365,43.99632175193272,49.75756938693376,18.766113509779,0.922226071357727,39288.0,1.0,mlp,2.0,2.0,
9dbe79537549,0,96,16,25,1,0.1,anchor,raw,past+future,all+roll6+roll24+diff6+diff24,True,False,4,64,0.001,8933,16.5,50.53149727119855,37.55251537939538,56.79698556986232,48.38876821097289,14.558823011970674,0.9555864334106444,39288.0,1.0,mlp,2.0,2.0,
a9a2c94c224c,0,96,16,25,1,0.1,anchor,log,past+future,all+roll6+roll24+diff6+diff24,True,False,4,64,0.001,8933,16.4,48.177850324628416,32.96812966256037,42.5201524756992,45.55122335405092,15.69048478701868,0.952976942062378,39288.0,1.0,mlp,2.0,2.0,
77e641fb92d6,1,96,16,25,1,0.1,anchor,raw,past+future,all+roll6+roll24+diff6+diff24,True,False,4,64,0.001,8933,16.5,49.50591925224212,36.90824411746958,56.94414056381053,47.54183094064295,13.806170787761594,0.955917239189148,39288.0,1.0,mlp,2.0,2.0,
3b5284fa9d42,1,96,16,25,1,0.1,anchor,log,past+future,all+roll6+roll24+diff6+diff24,True,False,4,64,0.001,8933,16.5,48.18967926128523,32.530422229540974,41.956044439596255,44.91635385552963,17.457558352484238,0.9524973630905152,39288.0,1.0,mlp,2.0,2.0,
1a9744502f01,2,96,16,25,1,0.1,anchor,raw,past+future,all+roll6+roll24+diff6+diff24,True,False,4,64,0.001,8933,16.5,49.36143244808821,36.0712191838459,57.81401874492199,47.28395325769727,14.169642820165755,0.9542497396469116,39288.0,1.0,mlp,2.0,2.0,
daf4e48ce64a,2,96,16,25,1,0.1,anchor,log,past+future,all+roll6+roll24+diff6+diff24,True,False,4,64,0.001,8933,16.5,49.60801747739959,32.86497040899724,41.57045916817636,46.06774120223009,18.40430978228565,0.9519862532615662,39288.0,1.0,mlp,2.0,2.0,
730bb7f5bc01,3,96,16,25,1,0.1,anchor,raw,past+future,all+roll6+roll24+diff6+diff24,True,False,4,64,0.001,8933,16.4,49.20472010656079,36.14241014820962,57.87631805626109,47.17991928621267,13.969956940214445,0.9567821025848388,39288.0,1.0,mlp,2.0,2.0,
188491ca43e2,3,96,16,25,1,0.1,anchor,log,past+future,all+roll6+roll24+diff6+diff24,True,False,4,64,0.001,8933,16.5,47.94702322778293,32.426149182927766,41.4882940207495,45.16735856252921,16.08809363751573,0.9531922936439514,39288.0,1.0,mlp,2.0,2.0,
48e3cbc4cc4e,4,96,16,25,1,0.1,anchor,raw,past+future,all+roll6+roll24+diff6+diff24,True,False,4,64,0.001,8933,16.4,51.257697621282695,38.11292676096426,56.98339592031354,48.8182623943402,15.624622306865474,0.9530957341194152,39288.0,1.0,mlp,2.0,2.0,
27e3d22b88c5,4,96,16,25,1,0.1,anchor,log,past+future,all+roll6+roll24+diff6+diff24,True,False,4,64,0.001,8933,16.4,47.64366628423832,32.22291047327643,41.43638707265126,44.35958511990011,17.38235153810336,0.9496261477470398,39288.0,1.0,mlp,2.0,2.0,
feab7d513a0c,0,96,16,25,1,0.1,anchor,raw,past+future,all+roll6+roll24+diff6+diff24,True,False,4,64,0.006,8933,16.5,51.231385795284034,37.73955844433424,56.28014156805584,49.07883103647151,14.694326612632258,0.898723304271698,39288.0,1.0,mlp,2.0,2.0,
770632fb8e01,0,96,16,25,1,0.1,anchor,log,past+future,all+roll6+roll24+diff6+diff24,True,False,4,64,0.006,8933,16.5,61.10598543122367,37.73188898954418,44.02256768764778,53.58733594843827,29.36560711904547,0.8936956524848938,39288.0,1.0,mlp,2.0,2.0,
f8d131cc6798,1,96,16,25,1,0.1,anchor,raw,past+future,all+roll6+roll24+diff6+diff24,True,False,4,64,0.006,8933,16.4,53.7393424113203,38.599762603098135,58.198187155994304,50.43142445870824,18.563091064441103,0.9000203609466553,39288.0,1.0,mlp,2.0,2.0,
0ae5e1ed5497,1,96,16,25,1,0.1,anchor,log,past+future,all+roll6+roll24+diff6+diff24,True,False,4,64,0.006,8933,16.4,51.73900525865445,34.99169566619006,43.51016305637857,48.660875415911256,17.57964359457369,0.8923141956329346,39288.0,1.0,mlp,2.0,2.0,
75ec26187c74,2,96,16,25,1,0.1,anchor,raw,past+future,all+roll6+roll24+diff6+diff24,True,False,4,64,0.006,8933,16.4,50.66410627352022,38.18382861619444,55.43182642117862,48.66773924198876,14.082003464292251,0.8972595930099487,39288.0,1.0,mlp,2.0,2.0,
5aaa69ee13c1,2,96,16,25,1,0.1,anchor,log,past+future,all+roll6+roll24+diff6+diff24,True,False,4,64,0.006,8933,16.4,51.80999444732728,35.39913624350878,43.85516611091575,48.89920522022075,17.121426735608793,0.8809991478919983,39288.0,1.0,mlp,2.0,2.0,
d816484ebb2c,3,96,16,25,1,0.1,anchor,raw,past+future,all+roll6+roll24+diff6+diff24,True,False,4,64,0.006,8933,16.4,52.19521924877193,39.09878461001836,59.0926781174276,50.41309605339696,13.522598076491953,0.8957602977752686,39288.0,1.0,mlp,2.0,2.0,
e2902d748c0b,3,96,16,25,1,0.1,anchor,log,past+future,all+roll6+roll24+diff6+diff24,True,False,4,64,0.006,8933,16.5,52.64555718574246,34.5686500486526,42.21726944303997,49.31505804193239,18.427689538249755,0.894713282585144,39288.0,1.0,mlp,2.0,2.0,
1463d1b5843d,4,96,16,25,1,0.1,anchor,raw,past+future,all+roll6+roll24+diff6+diff24,True,False,4,64,0.006,8933,16.5,50.60744808691507,38.02578456072735,58.89406667653566,48.6205875658133,14.041092073798424,0.883176863193512,39288.0,1.0,mlp,2.0,2.0,
41673933a2d8,4,96,16,25,1,0.1,anchor,log,past+future,all+roll6+roll24+diff6+diff24,True,False,4,64,0.006,8933,16.5,49.65370197320131,33.94981302140204,41.98989059298699,46.846655030956384,16.45846384247523,0.8790703415870667,39288.0,1.0,mlp,2.0,2.0,
81e206829e43,0,96,16,25,1,0.0,anchor,raw,past+future,all+roll6+roll24+diff6+diff24,True,False,4,64,0.003,8933,16.1,52.38611195595857,39.15485425411291,57.53911436178964,50.31209887976578,14.594431546822792,0.932443618774414,39288.0,1.0,mlp,2.0,2.0,
a66734d6d010,0,96,16,25,1,0.0,anchor,log,past+future,all+roll6+roll24+diff6+diff24,True,False,4,64,0.003,8933,16.1,53.44342683295715,35.46268146962392,43.28140411581244,49.40508098521409,20.37983916752244,0.9282784461975098,39288.0,1.0,mlp,2.0,2.0,
244f8fc049e9,1,96,16,25,1,0.0,anchor,raw,past+future,all+roll6+roll24+diff6+diff24,True,False,4,64,0.003,8933,16.1,48.09446363138829,36.18489631979093,58.282402496989775,46.63961142445051,11.739850006162634,0.9327840209007264,39288.0,1.0,mlp,2.0,2.0,
bed46f967978,1,96,16,25,1,0.0,anchor,log,past+future,all+roll6+roll24+diff6+diff24,True,False,4,64,0.003,8933,16.1,52.9165809496415,36.53811322160151,44.847598755178645,49.66230376851413,18.27074502596404,0.9180147647857666,39288.0,1.0,mlp,2.0,2.0,
64aa13cee2eb,2,96,16,25,1,0.0,anchor,raw,past+future,all+roll6+roll24+diff6+diff24,True,False,4,64,0.003,8933,16.0,50.07978003913626,37.713867965329904,57.78719171700951,48.21215384023469,13.548896296518596,0.9277660250663756,39288.0,1.0,mlp,2.0,2.0,
8ffa14535ffb,2,96,16,25,1,0.0,anchor,log,past+future,all+roll6+roll24+diff6+diff24,True,False,4,64,0.003,8933,16.1,51.08554288410911,34.43011477923678,42.75269248171488,47.88020574860537,17.810631354204407,0.9179345965385436,39288.0,1.0,mlp,2.0,2.0,
254289413441,3,96,16,25,1,0.0,anchor,raw,past+future,all+roll6+roll24+diff6+diff24,True,False,4,64,0.003,8933,16.1,51.12236519755815,38.76149522113582,58.01151410351567,49.384358136233146,13.216708927140989,0.9293525218963624,39288.0,1.0,mlp,2.0,2.0,
07462b2329c5,3,96,16,25,1,0.0,anchor,log,past+future,all+roll6+roll24+diff6+diff24,True,False,4,64,0.003,8933,16.1,48.23466129021659,32.69651981012449,41.92453915477818,45.19356994386083,16.855971805602806,0.922337293624878,39288.0,1.0,mlp,2.0,2.0,
e104b75c345f,4,96,16,25,1,0.0,anchor,raw,past+future,all+roll6+roll24+diff6+diff24,True,False,4,64,0.003,8933,16.1,54.33199822902866,40.77077448594397,60.07923576655586,52.04302760951834,15.604143962232795,0.922077775001526,39288.0,1.0,mlp,2.0,2.0,
901425b374d3,4,96,16,25,1,0.0,anchor,log,past+future,all+roll6+roll24+diff6+diff24,True,False,4,64,0.003,8933,16.1,53.13931067203409,35.75046496256828,43.41351966040492,49.91566555547604,18.22670213869802,0.9114303588867188,39288.0,1.0,mlp,2.0,2.0,
72e3466e8c6d,0,96,16,25,1,0.2,anchor,raw,past+future,all+roll6+roll24+diff6+diff24,True,False,4,64,0.003,8933,16.5,50.3233665266084,36.82034809471535,58.79507862191788,48.18185748116687,14.524111960319432,0.9378803372383118,39288.0,1.0,mlp,2.0,2.0,
d54b5c0939b8,0,96,16,25,1,0.2,anchor,log,past+future,all+roll6+roll24+diff6+diff24,True,False,4,64,0.003,8933,16.5,49.041714069459005,33.31180005628495,42.51810461381838,46.4864189452894,15.623782272984096,0.9323946237564088,39288.0,1.0,mlp,2.0,2.0,
28638fedee4c,1,96,16,25,1,0.2,anchor,raw,past+future,all+roll6+roll24+diff6+diff24,True,False,4,64,0.003,8933,16.5,51.097679440009216,36.76499242298203,60.24015570737752,48.45609251351541,16.216656328466012,0.9378225803375244,39288.0,1.0,mlp,2.0,2.0,
3a7905aad326,1,96,16,25,1,0.2,anchor,log,past+future,all+roll6+roll24+diff6+diff24,True,False,4,64,0.003,8933,16.5,49.83486839966468,33.693225923461306,42.6222936087964,46.378274349346384,18.23649573763161,0.9287009239196776,39288.0,1.0,mlp,2.0,2.0,
020bce60ce13,2,96,16,25,1,0.2,anchor,raw,past+future,all+roll6+roll24+diff6+diff24,True,False,4,64,0.003,8933,16.5,50.26425745523415,36.95396817711859,57.897949822800086,48.16111561206902,14.38758216403938,0.9316388964653016,39288.0,1.0,mlp,2.0,2.0,
9099d743ee63,2,96,16,25,1,0.2,anchor,log,past+future,all+roll6+roll24+diff6+diff24,True,False,4,64,0.003,8933,16.6,52.46246065858501,34.35638257612366,43.07788106018825,48.28858832293875,20.506633466547413,0.928677260875702,39288.0,1.0,mlp,2.0,2.0,
b15864fc06b5,3,96,16,25,1,0.2,anchor,raw,past+future,all+roll6+roll24+diff6+diff24,True,False,4,64,0.003,8933,16.5,51.3938286196578,37.686688349060326,60.0248296770639,49.23798420297476,14.72910492237615,0.9343125224113464,39288.0,1.0,mlp,2.0,2.0,
4302f016edd7,3,96,16,25,1,0.2,anchor,log,past+future,all+roll6+roll24+diff6+diff24,True,False,4,64,0.003,8933,16.5,50.23037144097108,33.952966024539535,42.68497512101641,46.961719181810416,17.823780367438978,0.9314994215965272,39288.0,1.0,mlp,2.0,2.0,
95280d304be0,4,96,16,25,1,0.2,anchor,raw,past+future,all+roll6+roll24+diff6+diff24,True,False,4,64,0.003,8933,16.5,50.72314159988414,37.42847932084884,60.31058467913864,48.49316901057031,14.874463118854388,0.9295406341552734,39288.0,1.0,mlp,2.0,2.0,
97731004a8f5,4,96,16,25,1,0.2,anchor,log,past+future,all+roll6+roll24+diff6+diff24,True,False,4,64,0.003,8933,16.5,50.4184033850433,33.56028251646629,41.837232403621286,47.0071862076388,18.230190474521056,0.9224787950515748,39288.0,1.0,mlp,2.0,2.0,
286a35d51f26,0,96,16,13,1,0.1,anchor,raw,past+future,all+roll6+roll24+diff6+diff24,True,False,4,64,0.003,8933,16.6,49.37499409451918,36.55268392434542,55.35257818073179,47.43700736104802,13.697458686255652,0.9428287148475648,39288.0,1.0,mlp,2.0,2.0,
22eda9174243,0,96,16,13,1,0.1,anchor,log,past+future,all+roll6+roll24+diff6+diff24,True,False,4,64,0.003,8933,16.5,48.41865102068356,33.3193146980649,43.14568225556859,46.04323034523599,14.979542918202856,0.940674602985382,39288.0,1.0,mlp,2.0,2.0,
a4ea1f96c6ca,1,96,16,13,1,0.1,anchor,raw,past+future,all+roll6+roll24+diff6+diff24,True,False,4,64,0.003,8933,16.6,48.70463853803077,36.46535965757816,57.88722241115004,47.18974146338911,12.052805305767064,0.9440112113952636,39288.0,1.0,mlp,2.0,2.0,
84c37ba5bf6b,1,96,16,13,1,0.1,anchor,log,past+future,all+roll6+roll24+diff6+diff24,True,False,4,64,0.003,8933,16.6,48.09354352655491,33.03725906040782,43.007725272677085,45.23507942590779,16.33329477700216,0.9402928948402404,39288.0,1.0,mlp,2.0,2.0,
d8b5e3d2a1b5,2,96,16,13,1,0.1,anchor,raw,past+future,all+roll6+roll24+diff6+diff24,True,False,4,64,0.003,8933,16.5,47.83620505973941,35.36086230992652,55.15589637185209,46.24127328262844,12.249373850067249,0.9351053833961488,39288.0,1.0,mlp,2.0,2.0,
675682236b83,2,96,16,13,1,0.1,anchor,log,past+future,all+roll6+roll24+diff6+diff24,True,False,4,64,0.003,8933,16.5,48.20272310901202,32.727391980896634,41.43670887415576,45.44740686424305,16.063490418960484,0.9279010891914368,39288.0,1.0,mlp,2.0,2.0,
1042abbf01ee,3,96,16,13,1,0.1,anchor,raw,past+future,all+roll6+roll24+diff6+diff24,True,False,4,64,0.003,8933,16.5,49.040232844715504,36.57910143896108,54.84817546959104,47.19697659994019,13.318777619909858,0.9352293610572816,39288.0,1.0,mlp,2.0,2.0,
19ba13cbc4d7,3,96,16,13,1,0.1,anchor,log,past+future,all+roll6+roll24+diff6+diff24,True,False,4,64,0.003,8933,16.5,49.65572948115194,34.362062608296576,42.982445385863336,47.083723321130925,15.77385395280856,0.9364354014396667,39288.0,1.0,mlp,2.0,2.0,
fc76ce990243,4,96,16,13,1,0.1,anchor,raw,past+future,all+roll6+roll24+diff6+diff24,True,False,4,64,0.003,8933,16.5,52.15004308469489,38.33244815337291,55.5349550697192,49.90754008888005,15.128266127100115,0.9327701330184937,39288.0,1.0,mlp,2.0,2.0,
fc17e4f38c7e,4,96,16,13,1,0.1,anchor,log,past+future,all+roll6+roll24+diff6+diff24,True,False,4,64,0.003,8933,16.5,46.97976719730289,32.72496481424351,42.24695359096724,44.70888799479849,14.42961746483049,0.9289827942848206,39288.0,1.0,mlp,2.0,2.0,
63f292ad9529,0,96,16,49,1,0.1,anchor,raw,past+future,all+roll6+roll24+diff6+diff24,True,False,4,64,0.003,8933,16.5,53.68265199939048,40.47164555093012,60.98009563869022,51.48415212156564,15.205564968495905,0.9364529848098756,39288.0,1.0,mlp,2.0,2.0,
b011ce0a699c,0,96,16,49,1,0.1,anchor,log,past+future,all+roll6+roll24+diff6+diff24,True,False,4,64,0.003,8933,16.5,53.76153286850797,35.00417788669563,42.419932909743046,49.25367978706584,21.54941864192272,0.9222602248191832,39288.0,1.0,mlp,2.0,2.0,
059c6bdc6545,1,96,16,49,1,0.1,anchor,raw,past+future,all+roll6+roll24+diff6+diff24,True,False,4,64,0.003,8933,16.6,54.32009774566431,40.77485988518837,59.64788644887422,51.90748729198169,16.008928200578683,0.9260699152946472,39288.0,1.0,mlp,2.0,2.0,
923427c2515e,1,96,16,49,1,0.1,anchor,log,past+future,all+roll6+roll24+diff6+diff24,True,False,4,64,0.003,8933,16.6,56.55218853322168,36.38273428435453,43.17060740382374,51.46382912199213,23.444067906390394,0.916380763053894,39288.0,1.0,mlp,2.0,2.0,
aba139347ead,2,96,16,49,1,0.1,anchor,raw,past+future,all+roll6+roll24+diff6+diff24,True,False,4,64,0.003,8933,16.6,51.43551652015309,38.82298319883701,62.15491683885222,49.493073652291294,14.001714900104544,0.923578143119812,39288.0,1.0,mlp,2.0,2.0,
a2186b86a0b8,2,96,16,49,1,0.1,anchor,log,past+future,all+roll6+roll24+diff6+diff24,True,False,4,64,0.003,8933,16.7,49.61683039923509,33.36804036005692,41.66231894035241,46.28034963189602,17.88740050471059,0.9167587757110596,39288.0,1.0,mlp,2.0,2.0,
c0332cd7930f,3,96,16,49,1,0.1,anchor,raw,past+future,all+roll6+roll24+diff6+diff24,True,False,4,64,0.003,8933,16.7,51.74886246002243,38.511020212531726,57.896811494562506,49.18063470692502,16.0999980040471,0.9306872487068176,39288.0,1.0,mlp,2.0,2.0,
e2c1814383fc,3,96,16,49,1,0.1,anchor,log,past+future,all+roll6+roll24+diff6+diff24,True,False,4,64,0.003,8933,16.7,52.84816574984658,33.991721423456035,40.75298324487445,48.4123427420664,21.193718252065825,0.9241851568222046,39288.0,1.0,mlp,2.0,2.0,
83e53c74dfdf,4,96,16,49,1,0.1,anchor,raw,past+future,all+roll6+roll24+diff6+diff24,True,False,4,64,0.003,8933,16.7,53.14945479465074,39.448653521047646,59.56627737470126,50.50191578126947,16.565658676617346,0.9256688952445984,39288.0,1.0,mlp,2.0,2.0,
0b65faa7be2b,4,96,16,49,1,0.1,anchor,log,past+future,all+roll6+roll24+diff6+diff24,True,False,4,64,0.003,8933,16.7,50.32324646347122,33.77393039555268,41.93745581425242,46.75457558642916,18.6128664196612,0.90897935628891,39288.0,1.0,mlp,2.0,2.0,
b5d1e83b453d,0,96,16,25,1,0.1,anchor,raw,past+future,all+roll6+roll24+diff6+diff24,True,False,4,64,0.003,8933,15.8,48.42436432981537,35.79520499513509,56.57615101080968,46.3105058716416,14.15118746463858,0.9404488205909728,37104.0,1.0,mlp,2.0,2.0,
7ce325f9d028,0,96,16,25,1,0.1,anchor,log,past+future,all+roll6+roll24+diff6+diff24,True,False,4,64,0.003,8933,15.8,49.35468441029192,33.255710701663254,41.91214964196097,45.90948381853725,18.11640606618708,0.9320355653762816,37104.0,1.0,mlp,2.0,2.0,
bd0b130f2d1d,1,96,16,25,1,0.1,anchor,raw,past+future,all+roll6+roll24+diff6+diff24,True,False,4,64,0.003,8933,15.8,50.05403700183128,36.46950187472984,57.93072016496218,47.65041603434365,15.324636111003128,0.9363867044448853,37104.0,1.0,mlp,2.0,2.0,
3cb1ee79ee18,1,96,16,25,1,0.1,anchor,log,past+future,all+roll6+roll24+diff6+diff24,True,False,4,64,0.003,8933,15.7,48.98724097355876,33.93627949603564,42.89739010041649,46.40966160407806,15.68097854078234,0.9273505210876464,37104.0,1.0,mlp,2.0,2.0,
427e60be060f,2,96,16,25,1,0.1,anchor,raw,past+future,all+roll6+roll24+diff6+diff24,True,False,4,64,0.003,8933,15.8,49.70436972163635,36.364494597711534,57.82889515019654,47.46646048090884,14.746508021882324,0.9273151755332948,37104.0,1.0,mlp,2.0,2.0,
a6e3f18e16a8,2,96,16,25,1,0.1,anchor,log,past+future,all+roll6+roll24+diff6+diff24,True,False,4,64,0.003,8933,15.7,51.93271335484127,35.13375621542643,43.3288342214906,48.99433772345196,17.220963603597838,0.9234573245048524,37104.0,1.0,mlp,2.0,2.0,
047415ec76b0,3,96,16,25,1,0.1,anchor,raw,past+future,all+roll6+roll24+diff6+diff24,True,False,4,64,0.003,8933,15.7,50.73654355797039,37.7065943936498,59.100916671026525,48.88290435908245,13.58891142184041,0.9307999014854432,37104.0,1.0,mlp,2.0,2.0,
87f8768c1624,3,96,16,25,1,0.1,anchor,log,past+future,all+roll6+roll24+diff6+diff24,True,False,4,64,0.003,8933,15.7,47.67477218817319,32.586073329391375,41.88768811901342,45.25369716955386,14.999559849559754,0.9289183020591736,37104.0,1.0,mlp,2.0,2.0,
6be2ba0ecd31,4,96,16,25,1,0.1,anchor,raw,past+future,all+roll6+roll24+diff6+diff24,True,False,4,64,0.003,8933,15.8,49.86693318608556,36.96467967725908,59.81599590750009,47.60421439630677,14.850919065700303,0.9268871545791626,37104.0,1.0,mlp,2.0,2.0,
a86e954558dd,4,96,16,25,1,0.1,anchor,log,past+future,all+roll6+roll24+diff6+diff24,True,False,4,64,0.003,8933,15.7,48.43385944049344,33.243476548887045,42.506273221952384,45.75840448444866,15.874733362770652,0.9217435121536256,37104.0,1.0,mlp,2.0,2.0,
17b9e9acaba7,0,96,16,25,1,0.1,anchor,raw,past+future,all+roll6+roll24+diff6+diff24,True,False,4,64,0.003,8933,7.4,54.94170309264789,40.95439609611205,61.51370649473383,51.93654591320071,17.921661120740747,0.9428693652153016,39288.0,1.0,mlp,2.0,2.0,21768.0
2273cbfbe2b8,0,96,16,25,1,0.1,anchor,log,past+future,all+roll6+roll24+diff6+diff24,True,False,4,64,0.003,8933,7.4,52.09907516560626,35.02846918823832,42.91623526201976,48.72843182722068,18.435117704300065,0.9479252696037292,39288.0,1.0,mlp,2.0,2.0,21768.0
7ba4bfedb85c,1,96,16,25,1,0.1,anchor,raw,past+future,all+roll6+roll24+diff6+diff24,True,False,4,64,0.003,8933,7.3,52.25548609364575,38.649304484484304,61.80587574383431,49.63132697366584,16.35136721244658,0.9428293108940125,39288.0,1.0,mlp,2.0,2.0,21768.0
0c00808f254c,1,96,16,25,1,0.1,anchor,log,past+future,all+roll6+roll24+diff6+diff24,True,False,4,64,0.003,8933,7.4,53.66932057370362,35.2414305879444,43.3917751952916,49.25495817079898,21.3153715997589,0.9465472102165222,39288.0,1.0,mlp,2.0,2.0,21768.0
9578ead25cde,2,96,16,25,1,0.1,anchor,raw,past+future,all+roll6+roll24+diff6+diff24,True,False,4,64,0.003,8933,7.4,53.28822015106076,39.611454126752655,62.326773394649,50.630823534373285,16.61788539794007,0.9371622800827026,39288.0,1.0,mlp,2.0,2.0,21768.0
b30948674a78,2,96,16,25,1,0.1,anchor,log,past+future,all+roll6+roll24+diff6+diff24,True,False,4,64,0.003,8933,7.4,56.09001847612321,36.05179601876543,43.04872436097629,51.0226755473474,23.29756967243497,0.9420465230941772,39288.0,1.0,mlp,2.0,2.0,21768.0
a9ffd6e9852d,3,96,16,25,1,0.1,anchor,raw,past+future,all+roll6+roll24+diff6+diff24,True,False,4,64,0.003,8933,7.4,51.289522914439104,37.802179817432666,60.95779253081805,48.83166796159384,15.687044491535776,0.9418975114822388,39288.0,1.0,mlp,2.0,2.0,21768.0
8dba8dce31df,3,96,16,25,1,0.1,anchor,log,past+future,all+roll6+roll24+diff6+diff24,True,False,4,64,0.003,8933,7.4,55.459041768805655,35.820385217013914,43.19860770842754,50.551593176124925,22.808808414068704,0.9457334280014038,39288.0,1.0,mlp,2.0,2.0,21768.0
cbf3ce3626e5,4,96,16,25,1,0.1,anchor,raw,past+future,all+roll6+roll24+diff6+diff24,True,False,4,64,0.003,8933,7.4,51.5785905835644,38.32884268885709,59.68977085458667,49.14308849074988,15.662306987710476,0.9427738785743712,39288.0,1.0,mlp,2.0,2.0,21768.0
c0b6b851fdbc,4,96,16,25,1,0.1,anchor,log,past+future,all+roll6+roll24+diff6+diff24,True,False,4,64,0.003,8933,7.4,55.16774530308399,36.10148403601482,44.419233039240005,50.37963086560008,22.48050078783437,0.9418193697929382,39288.0,1.0,mlp,2.0,2.0,21768.0
3af2bde1a2e9,0,96,16,25,1,0.1,anchor,raw,past+future,all+roll6+roll24+diff6+diff24,True,False,4,64,0.003,8933,17.7,59.26499368661212,43.6730648645834,62.007792039065336,56.96135863263113,16.36285731157471,0.9358760714530944,41472.0,1.0,mlp,2.0,2.0,
516e57985294,0,96,16,25,1,0.1,anchor,log,past+future,all+roll6+roll24+diff6+diff24,True,False,4,64,0.003,8933,17.7,62.64894676702172,37.98239219829422,40.11938542754503,56.910696394648994,26.19280754125469,0.9305076003074646,41472.0,1.0,mlp,2.0,2.0,
3d05dd8d5ef0,1,96,16,25,1,0.1,anchor,raw,past+future,all+roll6+roll24+diff6+diff24,True,False,4,64,0.003,8933,17.7,58.7719142854668,41.751738480434966,57.824061054628174,56.11024244605996,17.486526282330313,0.9363545179367064,41472.0,1.0,mlp,2.0,2.0,
c8e30c4d15ab,1,96,16,25,1,0.1,anchor,log,past+future,all+roll6+roll24+diff6+diff24,True,False,4,64,0.003,8933,17.7,60.207571144835,39.10982117292131,41.94496501358345,56.860683815958026,19.79429865244077,0.9223764538764954,41472.0,1.0,mlp,2.0,2.0,
5e0518baeafe,2,96,16,25,1,0.1,anchor,raw,past+future,all+roll6+roll24+diff6+diff24,True,False,4,64,0.003,8933,17.7,59.25608928022705,41.9155126855094,60.9113295030706,55.83579865361706,19.84055708640702,0.9306284189224244,41472.0,1.0,mlp,2.0,2.0,
46094ee7fef7,2,96,16,25,1,0.1,anchor,log,past+future,all+roll6+roll24+diff6+diff24,True,False,4,64,0.003,8933,17.6,60.93939995134298,40.18403736774436,42.85104055062055,58.452454207769925,17.231397607805977,0.9191879034042358,41472.0,1.0,mlp,2.0,2.0,
3bb3a1d77ce6,3,96,16,25,1,0.1,anchor,raw,past+future,all+roll6+roll24+diff6+diff24,True,False,4,64,0.003,8933,17.7,58.92429658296045,42.848972701200886,59.66366907198159,56.73603567833729,15.908959214955658,0.929254710674286,41472.0,1.0,mlp,2.0,2.0,
2738a2b1c0fb,3,96,16,25,1,0.1,anchor,log,past+future,all+roll6+roll24+diff6+diff24,True,False,4,64,0.003,8933,17.7,57.29884120285541,37.42444230033804,41.67525220704799,54.27542159190611,18.366703956096533,0.9232321381568908,41472.0,1.0,mlp,2.0,2.0,
430179248c3e,4,96,16,25,1,0.1,anchor,raw,past+future,all+roll6+roll24+diff6+diff24,True,False,4,64,0.003,8933,17.7,58.01746783936659,41.91531602665058,58.374858323721234,55.7444163052911,16.080628883048444,0.9247283935546876,41472.0,1.0,mlp,2.0,2.0,
ec37ac27167b,4,96,16,25,1,0.1,anchor,log,past+future,all+roll6+roll24+diff6+diff24,True,False,4,64,0.003,8933,17.7,58.47556570919601,37.245472298986456,40.66972592616551,54.76644812279406,20.494583309348027,0.9181310534477234,41472.0,1.0,mlp,2.0,2.0,
d7e28ec3e432,0,96,16,25,1,0.1,anchor,raw,past+future,all+roll6+roll24+diff6+diff24,True,False,4,64,0.003,8933,7.4,65.62081001320824,49.68904326711582,66.90938674206723,63.75549254412766,15.534731321952554,0.9423532485961914,41472.0,1.0,mlp,2.0,2.0,23952.0
a7c79d09d3d1,0,96,16,25,1,0.1,anchor,log,past+future,all+roll6+roll24+diff6+diff24,True,False,4,64,0.003,8933,7.4,62.68617583272437,41.26755803095254,43.53545220301847,60.01992919061581,18.0876958312744,0.948829174041748,41472.0,1.0,mlp,2.0,2.0,23952.0
4dfeccf59c12,1,96,16,25,1,0.1,anchor,raw,past+future,all+roll6+roll24+diff6+diff24,True,False,4,64,0.003,8933,7.4,59.57420189214707,45.56625351680948,66.64716447135925,57.91345364867181,13.968443634472726,0.9430404305458068,41472.0,1.0,mlp,2.0,2.0,23952.0
39a89e05d44d,1,96,16,25,1,0.1,anchor,log,past+future,all+roll6+roll24+diff6+diff24,True,False,4,64,0.003,8933,7.4,69.27185826191133,43.86370176744433,45.028309954778216,64.33606428679867,25.679976229413448,0.9436870813369752,41472.0,1.0,mlp,2.0,2.0,23952.0
545edd3f618e,2,96,16,25,1,0.1,anchor,raw,past+future,all+roll6+roll24+diff6+diff24,True,False,4,64,0.003,8933,7.4,63.7173933631559,48.47164783155616,68.20816618836969,61.96720548570461,14.831441645625787,0.9407356977462769,41472.0,1.0,mlp,2.0,2.0,23952.0
31dd496fac18,2,96,16,25,1,0.1,anchor,log,past+future,all+roll6+roll24+diff6+diff24,True,False,4,64,0.003,8933,7.4,65.63320321164369,42.33196211733716,44.0049822308747,62.04455532345682,21.40538526949281,0.9435136318206788,41472.0,1.0,mlp,2.0,2.0,23952.0
950f164b91d8,3,96,16,25,1,0.1,anchor,raw,past+future,all+roll6+roll24+diff6+diff24,True,False,4,64,0.003,8933,7.4,61.39298451119345,46.17902918704371,64.04184992390152,59.77543687927403,13.99984618071085,0.944788098335266,41472.0,1.0,mlp,2.0,2.0,23952.0
89cda1899d96,3,96,16,25,1,0.1,anchor,log,past+future,all+roll6+roll24+diff6+diff24,True,False,4,64,0.003,8933,7.4,72.3279494991033,45.33021941505428,44.799242481642565,67.48349317251783,26.02518833706253,0.9470070004463196,41472.0,1.0,mlp,2.0,2.0,23952.0
bf16228260ff,4,96,16,25,1,0.1,anchor,raw,past+future,all+roll6+roll24+diff6+diff24,True,False,4,64,0.003,8933,7.4,60.59167348434389,45.85844398186685,68.00255961681721,58.86617758456074,14.357020311203268,0.9432411789894104,41472.0,1.0,mlp,2.0,2.0,23952.0
dc631b52a203,4,96,16,25,1,0.1,anchor,log,past+future,all+roll6+roll24+diff6+diff24,True,False,4,64,0.003,8933,7.4,63.01174520887248,41.56404653065715,45.53334576851542,59.64843730381448,20.311178239599435,0.9444586634635924,41472.0,1.0,mlp,2.0,2.0,23952.0
1b833a0c187c,5,96,16,25,1,0.1,anchor,raw,past+future,all+roll6+roll24+diff6+diff24,True,False,4,64,0.003,8933,16.8,52.43740172971973,37.43353213432657,57.31398146663137,49.03998446635352,18.56774148096152,0.9318254590034484,39288.0,1.0,mlp,2.0,2.0,
04aecc1d3f03,5,96,16,25,1,0.1,anchor,log,past+future,all+roll6+roll24+diff6+diff24,True,False,4,64,0.003,8933,16.7,49.338688721232,33.36590054864916,42.13377605675891,46.22982814452413,17.236855701037552,0.9275761246681212,39288.0,1.0,mlp,2.0,2.0,
e892f5526491,6,96,16,25,1,0.1,anchor,raw,past+future,all+roll6+roll24+diff6+diff24,True,False,4,64,0.003,8933,16.8,49.31163490376564,36.08378959182768,57.850253333576994,47.05485460250903,14.747135152937783,0.9369417428970336,39288.0,1.0,mlp,2.0,2.0,
372972da70b9,6,96,16,25,1,0.1,anchor,log,past+future,all+roll6+roll24+diff6+diff24,True,False,4,64,0.003,8933,16.7,48.00592866516452,32.59084318354499,42.0851705805158,45.282626744463926,15.9390370514164,0.9348915219306946,39288.0,1.0,mlp,2.0,2.0,
661d5f9e2542,7,96,16,25,1,0.1,anchor,raw,past+future,all+roll6+roll24+diff6+diff24,True,False,4,64,0.003,8933,16.7,48.40128737024207,34.806035372624585,55.410790911855166,45.89373756621693,15.376913581729053,0.9349616765975952,39288.0,1.0,mlp,2.0,2.0,
d366bc6e8fae,7,96,16,25,1,0.1,anchor,log,past+future,all+roll6+roll24+diff6+diff24,True,False,4,64,0.003,8933,16.7,48.66384792914825,32.83810228711164,40.949535007049946,45.43741697432905,17.424443577119476,0.9306958317756652,39288.0,1.0,mlp,2.0,2.0,
2ec65e0db3b3,8,96,16,25,1,0.1,anchor,raw,past+future,all+roll6+roll24+diff6+diff24,True,False,4,64,0.003,8933,16.8,49.41473737269024,36.50348936559283,57.47198945562047,47.46834863035535,13.732157438617987,0.9258707761764526,39288.0,1.0,mlp,2.0,2.0,
2f144d158437,8,96,16,25,1,0.1,anchor,log,past+future,all+roll6+roll24+diff6+diff24,True,False,4,64,0.003,8933,16.7,49.48545835250169,33.10620123443653,41.924167963476535,46.07249087023642,18.05924066424613,0.9249784350395204,39288.0,1.0,mlp,2.0,2.0,
ec9a2c617313,9,96,16,25,1,0.1,anchor,raw,past+future,all+roll6+roll24+diff6+diff24,True,False,4,64,0.003,8933,16.7,53.24316652800219,38.96795678538028,58.41110684349824,50.82274525016278,15.870833222160366,0.9256604313850404,39288.0,1.0,mlp,2.0,2.0,
f46a644cc567,9,96,16,25,1,0.1,anchor,log,past+future,all+roll6+roll24+diff6+diff24,True,False,4,64,0.003,8933,16.7,49.86204285623798,34.16470704600206,43.5519556118596,47.11506012750024,16.321593885995,0.9259924292564392,39288.0,1.0,mlp,2.0,2.0,
35029841f21b,0,96,16,25,1,0.1,anchor,raw,none,all+roll6+roll24+diff6+diff24,True,False,4,64,0.003,6757,17.0,84.50348003413704,63.687224171198736,75.04379379254566,77.02178156381605,34.76324643377836,0.9583038687705994,39288.0,1.0,mlp,2.0,2.0,
3cdd7297d0a4,0,96,16,25,1,0.1,anchor,log,none,all+roll6+roll24+diff6+diff24,True,False,4,64,0.003,6757,16.7,88.37900022770565,59.66144359048981,74.16850804849278,76.88633524201164,43.581408126651816,0.9527829885482788,39288.0,1.0,mlp,2.0,2.0,
7629368337d7,1,96,16,25,1,0.1,anchor,raw,none,all+roll6+roll24+diff6+diff24,True,False,4,64,0.003,6757,16.6,84.64378273841021,64.23859772342291,75.37124407309527,77.44961221166194,34.14860940844259,0.9587841629981996,39288.0,1.0,mlp,2.0,2.0,
ec214e841eba,1,96,16,25,1,0.1,anchor,log,none,all+roll6+roll24+diff6+diff24,True,False,4,64,0.003,6757,16.7,88.51096198059042,59.8077590581514,74.3605120084934,77.01240449400808,43.62659675909649,0.9520013928413392,39288.0,1.0,mlp,2.0,2.0,
979e7aee4b27,2,96,16,25,1,0.1,anchor,raw,none,all+roll6+roll24+diff6+diff24,True,False,4,64,0.003,6757,16.7,84.65223337651625,63.83986591095264,75.20186178243924,77.19818526757405,34.7338567830508,0.958220362663269,39288.0,1.0,mlp,2.0,2.0,
c3ca97547699,2,96,16,25,1,0.1,anchor,log,none,all+roll6+roll24+diff6+diff24,True,False,4,64,0.003,6757,16.6,88.38842825017122,59.75091109857773,74.27130026906337,76.8992631624974,43.57771877462879,0.9528399109840392,39288.0,1.0,mlp,2.0,2.0,
ae9d3c4e5c38,3,96,16,25,1,0.1,anchor,raw,none,all+roll6+roll24+diff6+diff24,True,False,4,64,0.003,6757,16.7,84.61770324827798,63.703034690648906,75.07059700698468,77.10300843075257,34.86089204166945,0.958252251148224,39288.0,1.0,mlp,2.0,2.0,
110cb969a1a5,3,96,16,25,1,0.1,anchor,log,none,all+roll6+roll24+diff6+diff24,True,False,4,64,0.003,6757,16.6,88.51157566781654,59.75692209588024,74.29437123653359,77.01852586615878,43.61703452326218,0.952453315258026,39288.0,1.0,mlp,2.0,2.0,
ad40685e7e1b,4,96,16,25,1,0.1,anchor,raw,none,all+roll6+roll24+diff6+diff24,True,False,4,64,0.003,6757,16.7,84.86628117033652,64.42524258374426,75.58191445071137,77.64506025884761,34.25682847378812,0.9583064317703248,39288.0,1.0,mlp,2.0,2.0,
1a8ccc4772d8,4,96,16,25,1,0.1,anchor,log,none,all+roll6+roll24+diff6+diff24,True,False,4,64,0.003,6757,16.6,88.35221311378984,59.62985572660327,74.15214916105151,76.83780160305656,43.61267942827929,0.9527536630630492,39288.0,1.0,mlp,2.0,2.0,
d14585b8ae5c,0,96,16,25,1,0.1,anchor,raw,past,all+roll6+roll24+diff6+diff24,True,False,4,64,0.003,8933,16.7,85.07769524562788,63.59973881658181,74.70680420362324,77.1176921488751,35.93154304979488,0.9619064331054688,39288.0,1.0,mlp,2.0,2.0,
04aed9bfc9d8,0,96,16,25,1,0.1,anchor,log,past,all+roll6+roll24+diff6+diff24,True,False,4,64,0.003,8933,16.8,88.54308310285951,59.69989276864001,73.87038969315721,77.06977073369222,43.59045772202903,0.9577431678771972,39288.0,1.0,mlp,2.0,2.0,
5e364e38a49b,1,96,16,25,1,0.1,anchor,raw,past,all+roll6+roll24+diff6+diff24,True,False,4,64,0.003,8933,16.7,87.58997717049121,64.23567828829239,75.35824919668325,78.79590034611611,38.25193053130928,0.9587838649749756,39288.0,1.0,mlp,2.0,2.0,
f796491335b0,1,96,16,25,1,0.1,anchor,log,past,all+roll6+roll24+diff6+diff24,True,False,4,64,0.003,8933,16.9,88.73858484371559,59.624412513294175,73.84897301558033,77.21940907974137,43.7229836749605,0.9579276442527772,39288.0,1.0,mlp,2.0,2.0,
ab51feaa1c99,2,96,16,25,1,0.1,anchor,raw,past,all+roll6+roll24+diff6+diff24,True,False,4,64,0.003,8933,16.8,87.91173950367728,64.52850260772506,75.71809081238884,78.81193375819747,38.95064877323491,0.9549461603164672,39288.0,1.0,mlp,2.0,2.0,
cdc9a2f77191,2,96,16,25,1,0.1,anchor,log,past,all+roll6+roll24+diff6+diff24,True,False,4,64,0.003,8933,17.2,87.97357667383618,59.62424209429776,73.95307391948414,76.88730958941333,42.75151245147992,0.958580732345581,39288.0,1.0,mlp,2.0,2.0,
24844973880b,3,96,16,25,1,0.1,anchor,raw,past,all+roll6+roll24+diff6+diff24,True,False,4,64,0.003,8933,17.2,87.12195627749723,64.04172551850456,75.18781803996184,78.54584841324059,37.69330129694627,0.9581839442253112,39288.0,1.0,mlp,2.0,2.0,
afcda2774f87,3,96,16,25,1,0.1,anchor,log,past,all+roll6+roll24+diff6+diff24,True,False,4,64,0.003,8933,17.3,89.24403142803104,59.84054302341546,74.07776811509113,77.48269090254601,44.28238652136881,0.9586983919143676,39288.0,1.0,mlp,2.0,2.0,
96828e1d5389,4,96,16,25,1,0.1,anchor,raw,past,all+roll6+roll24+diff6+diff24,True,False,4,64,0.003,8933,17.3,87.1096308198507,64.11816052392174,75.65249215536583,78.29762095293884,38.17813948689214,0.9551982283592224,39288.0,1.0,mlp,2.0,2.0,
99862f4a96ab,4,96,16,25,1,0.1,anchor,log,past,all+roll6+roll24+diff6+diff24,True,False,4,64,0.003,8933,17.4,88.90228985953473,59.87663641430327,74.16991829321834,77.3230077755103,43.872196329989045,0.9588090777397156,39288.0,1.0,mlp,2.0,2.0,
0fb4e641f419,0,96,16,25,1,0.1,anchor,raw,past+future,flags,True,False,4,64,0.003,7013,17.1,68.26607670381554,49.88500542200104,64.32191596763884,63.60362798394602,24.79588142839505,0.9492051601409912,39288.0,1.0,mlp,2.0,2.0,
7bc8ac0e7d73,0,96,16,25,1,0.1,anchor,log,past+future,flags,True,False,4,64,0.003,7013,17.2,70.54286555417879,45.60568664663611,54.967724514097306,62.27468076838306,33.13849748843369,0.94475656747818,39288.0,1.0,mlp,2.0,2.0,
53babe2bc8bf,1,96,16,25,1,0.1,anchor,raw,past+future,flags,True,False,4,64,0.003,7013,17.2,68.49453893572507,50.47921687053633,64.35204085186315,64.25613899278493,23.720254335851077,0.9525519609451294,39288.0,1.0,mlp,2.0,2.0,
e551da806b12,1,96,16,25,1,0.1,anchor,log,past+future,flags,True,False,4,64,0.003,7013,17.1,69.8151132044712,46.37414097545452,55.75796357803012,62.74974941088787,30.604231416977424,0.9468209147453308,39288.0,1.0,mlp,2.0,2.0,
0b3573cfc5ed,2,96,16,25,1,0.1,anchor,raw,past+future,flags,True,False,4,64,0.003,7013,17.1,64.89656364308908,48.22314638876277,63.70222478271139,61.02629677637986,22.076120004265253,0.9512867331504822,39288.0,1.0,mlp,2.0,2.0,
3670539c2e6a,2,96,16,25,1,0.1,anchor,log,past+future,flags,True,False,4,64,0.003,7013,17.1,68.72613526385402,45.47959275393664,55.07131163025549,61.78911754992805,30.089643080414447,0.9468542337417604,39288.0,1.0,mlp,2.0,2.0,
6e8df35de2c6,3,96,16,25,1,0.1,anchor,raw,past+future,flags,True,False,4,64,0.003,7013,17.1,69.33351624566225,52.017463411818014,66.2407430285118,65.02106981316109,24.07066586822105,0.9493218064308168,39288.0,1.0,mlp,2.0,2.0,
31877fbc1b9c,3,96,16,25,1,0.1,anchor,log,past+future,flags,True,False,4,64,0.003,7013,17.2,70.31233581357071,45.42065765777164,55.19648055743826,62.27631665052118,32.641766986552014,0.947526216506958,39288.0,1.0,mlp,2.0,2.0,
0a4bafc045fd,4,96,16,25,1,0.1,anchor,raw,past+future,flags,True,False,4,64,0.003,7013,17.1,68.8683019721601,50.59416644064423,64.60266384572252,64.21039545264085,24.897151088911937,0.9509844183921814,39288.0,1.0,mlp,2.0,2.0,
cd50605d1dcf,4,96,16,25,1,0.1,anchor,log,past+future,flags,True,False,4,64,0.003,7013,17.2,70.3811455352576,45.60276854771463,54.61975504938894,62.54781059896539,32.26882452354071,0.9462085366249084,39288.0,1.0,mlp,2.0,2.0,
6fc760c07aa6,0,96,16,25,1,0.1,anchor,raw,past+future,continuous+roll6+roll24+diff6+diff24,True,False,4,64,0.003,8677,17.2,49.69799834293184,36.93208232698538,57.86952865039786,47.34047212595305,15.125169029994948,0.940588653087616,39288.0,1.0,mlp,2.0,2.0,
9a5153b921ad,0,96,16,25,1,0.1,anchor,log,past+future,continuous+roll6+roll24+diff6+diff24,True,False,4,64,0.003,8677,17.2,44.89975110396742,31.04811028170203,41.79746738783155,43.13544498239595,12.462786019542936,0.9325454235076904,39288.0,1.0,mlp,2.0,2.0,
b93c68bc0f24,1,96,16,25,1,0.1,anchor,raw,past+future,continuous+roll6+roll24+diff6+diff24,True,False,4,64,0.003,8677,17.2,51.21939750582069,37.60394718741358,58.89189642788805,48.43144285848848,16.667993985607154,0.942494571208954,39288.0,1.0,mlp,2.0,2.0,
b982bd0d3480,1,96,16,25,1,0.1,anchor,log,past+future,continuous+roll6+roll24+diff6+diff24,True,False,4,64,0.003,8677,17.2,44.381345436382006,31.14376854053019,41.69581717328845,42.44154050708891,12.977652412073484,0.9419850707054138,39288.0,1.0,mlp,2.0,2.0,
4729dd58aa08,2,96,16,25,1,0.1,anchor,raw,past+future,continuous+roll6+roll24+diff6+diff24,True,False,4,64,0.003,8677,17.2,46.98186175667633,35.72682654481399,55.51700367128576,45.704164020504166,10.882312498283552,0.938288390636444,39288.0,1.0,mlp,2.0,2.0,
26d7561298ac,2,96,16,25,1,0.1,anchor,log,past+future,continuous+roll6+roll24+diff6+diff24,True,False,4,64,0.003,8677,17.2,45.927757233057584,31.22829934820998,41.19147374511205,43.15266222635512,15.72280595939471,0.93526428937912,39288.0,1.0,mlp,2.0,2.0,
2dceafbb215e,3,96,16,25,1,0.1,anchor,raw,past+future,continuous+roll6+roll24+diff6+diff24,True,False,4,64,0.003,8677,17.2,52.22129076574721,39.38321935386038,60.29305782904304,50.51267620628368,13.248877375832938,0.930895447731018,39288.0,1.0,mlp,2.0,2.0,
139f6827c1db,3,96,16,25,1,0.1,anchor,log,past+future,continuous+roll6+roll24+diff6+diff24,True,False,4,64,0.003,8677,17.2,47.10054552576556,31.963809642643053,41.47727726218006,44.44064941642328,15.6041682979668,0.9360005259513856,39288.0,1.0,mlp,2.0,2.0,
039defcbec63,4,96,16,25,1,0.1,anchor,raw,past+future,continuous+roll6+roll24+diff6+diff24,True,False,4,64,0.003,8677,17.2,49.07622530108593,36.43289779563105,58.36292948713656,47.20396983654894,13.426135761011928,0.9445890188217164,39288.0,1.0,mlp,2.0,2.0,
e2508c00419f,4,96,16,25,1,0.1,anchor,log,past+future,continuous+roll6+roll24+diff6+diff24,True,False,4,64,0.003,8677,17.2,48.155080085760005,32.2869885737478,41.75682093539731,45.20886990772236,16.585228962320503,0.941741943359375,39288.0,1.0,mlp,2.0,2.0,
