time_idx,value
43657,18.794375253187148
43658,21.33441502945063
43659,23.020270140119397
43660,23.458707181355074
43661,23.499893445819264
43662,22.413275945790062
43663,26.43985575516667
43664,27.853379535763054
43665,28.575041710886342
43666,28.313433070078577
43667,30.872362276989623
43668,33.53328831316388
43669,32.026524265125595
43670,31.6501026921902
43671,30.667395243273102
43672,34.71531666657102
43673,44.02626622867301
43674,50.84508560630949
43675,59.559347456647174
43676,78.2227131253633
43677,89.90134216884685
43678,102.43792369628368
43679,106.66343349128427
43680,109.44603514100565
43681,109.29569234182551
43682,107.9782619351979
43683,105.3468069373179
43684,101.78425943857701
43685,105.11778675263261
43686,108.8189166858767
43687,110.3961776860253
43688,108.27855181146428
43689,109.54420220015145
43690,127.97815874326906
43691,133.10084385159425
43692,154.7926341574345
43693,155.69056592464773
43694,164.76497823538998
43695,180.57429496823838
43696,175.2373067362934
43697,181.5529031267769
43698,190.50065966861933
43699,224.10058683885146
43700,229.71718333050444
43701,257.6032016717978
43702,265.34329111150953
43703,274.881027452294
43704,272.6922171048319
43705,268.3486626147254
43706,270.85339435493535
43707,241.77697314875468
43708,219.55829761407122
43709,195.20478581041914
43710,187.6488366851297
43711,180.38042330888166
43712,170.34816779825837
43713,165.07906878993643
43714,166.33223778129823
43715,163.18904930937566
43716,149.48915286392418
43717,142.44334321383138
43718,146.24032237936814
43719,148.49297384151131
43720,150.9780668539231
43721,159.10308573614486
43722,167.53800341630284
43723,183.27117657976586
43724,209.9340848491865
43725,226.32406194452022
43726,236.25425072134712
43727,260.1096917307882
43728,254.44365323797675
43729,251.31804404813664
43730,265.9284831031856
43731,245.90914296440369
43732,218.15364051797422
43733,191.29585686969807
43734,175.68383657715754
43735,150.63708208372844
43736,134.32558632450105
43737,134.32388124912714
43738,133.4403065141098
43739,106.12666937342401
43740,95.22510210649106
43741,90.97240006763009
43742,78.41722913666013
43743,69.67863809316984
43744,51.454987109687316
43745,53.1849689162158
43746,54.57834170526138
43747,54.296654834275024
43748,56.04510998457683
43749,70.3286795099914
43750,81.51763770791473
43751,96.17593320160545
43752,113.63407849810184
43753,126.43512752710669
43754,135.7016840571096
43755,137.26073656561596
43756,142.60510090723972
43757,132.19351085321142
43758,128.67698661486435
43759,127.05938834954205
43760,121.60788918160931
43761,122.84614756594765
43762,127.43496272299544
43763,124.10781159210356
43764,124.2976390287287
43765,113.33434763939627
43766,103.76253002399179
43767,102.03529593264184
43768,88.46009659172401
43769,86.37158604697231
43770,87.33524406004278
43771,106.78712605619246
43772,123.12301998851542
43773,146.80763530351766
43774,151.14228100920556
43775,161.45550626226031
43776,174.7955048146396
43777,176.4997595054854
43778,166.18755653314878
43779,145.87682896745986
43780,119.60529127219954
43781,99.49314072354163
43782,78.02234904819176
43783,65.65047844386744
43784,69.05566133851421
43785,62.02349962373596
43786,62.768955151291344
43787,68.52800404847997
43788,70.49277946997759
43789,81.04961249809386
43790,87.29838502373629
43791,91.10073073227424
43792,86.18522739896956
43793,80.4142303650303
43794,75.95090515162084
43795,78.1786367126231
43796,80.94967625468387
43797,68.69174018134106
43798,57.43088938859637
43799,22.80725109041278
43800,17.653676922028716
43801,16.862246601599246
43802,10.931319788053761
43803,11.373198939550477
43804,11.250458349796006
43805,14.484710961968545
43806,14.028226254916206
43807,9.033034795175741
43808,7.697176855135877
43809,6.471289702613559
43810,8.6208981358884
43811,14.63237904779847
43812,16.724711331172568
43813,19.255365064719285
43814,13.523632498944997
43815,11.881612250482426
43816,11.8451801016305
43817,14.5561054535479
43818,17.555486220276517
43819,18.682975859748908
43820,23.82617185192585
43821,23.243558062816373
43822,22.170200009215304
43823,12.811406811780103
43824,20.749910090754746
